Malét a mbôñe hyémbi.	Màlêt à mɓōŋɛ hyembi.
A ntuhul me két (i) nuga.	À ntuhul mɛ̀ kēt (i) nugā.
Ñkum u ñkôs ndoñ, ñkum u nlôôs ndoñ.	Ñkum u ŋ̀kôs ndoñ, ŋ̀kùm u ǹloōs ndɔŋ.
Mañ mut unu u nlo u mboda nyono wotama.	Maŋ mùt unu u nlɔ̀ u mboda nyɔ̀nɔ wotama.
Boñge ba ñke jogop ba kahal ndugi kôt mañgudga.	Ɓɔ̀ŋgɛ ɓa ŋkɛ̀ jɔ̀gɔ̂p ɓa kahal ndugi kòt mañgudga.
Bihégél bi ndap u nlama yoñ yihe le jam li set bañ.	Bihégél bi ndap u ǹlama yɔŋ yı̄hɛ lɛ jàm li sɛt ɓâŋ.
Mudaa a mpén bibép bi nyo.	Mùdàa à mpén biɓep bi nyɔ̀.
Malét a nhundus binan.	Màlêt à nhundus bı̀nan.
Me ñañ Litila Lipubi hi kel.	Mɛ̀ ŋāŋ Lı̀tı̀là Lı̀pubi hi kɛl.
Litôa li ntjaba bikay.	Lı̀toà li ǹcaba bikay.
Kel i biyél me yani i lom.	Kɛl i biyél mɛ̀ yani i lɔ̂m.
Kidbô nyoo.	Kidbô nyɔɔ.
Key i nyeghe hikôa; njal i nyeghe me.	Kɛ̀y i nyeghe hikôa; njâl i nyeghe mɛ̂.
Lôk hitôt.	Lòk hitôt.
A mmal nson le pum.	À m̂mâl ǹsɔn lɛ pum.
Nyôy i nhum.	Nyǒy i nhum.
Bañga i lôl Abram i yiinda...(Bib 15,1).	Ɓàŋga i lôl Abram i yiinda...(Bib 15,1).
Nimblene me ñkôô.	Nimblene mɛ̀ ŋkòò.
U mpéndlaha me man wem kôp; kon u mpéndlaha bo.	Ù mpéndlaha mɛ̀ man wɛ̂m kop; kɔ̀n u mpéndlaha ɓɔ.
Limbaa li ñkônô.	Limbaa li ŋkono.
Linol bot njañgumba: ibale mut a ntip kop njañgumba ndi a beha kon, a tiblaga u mal bé, tole béba jam i kwél nye, ba ñkal le njañgumba nyen a ñkil nye liemb, ni hala a nlama nol bot yéé. Inyuu nol bot, ba bé ba ligis yo, tole ba leñ yo malép.	Linol ɓɔ̀t njaŋgumba: iɓālɛ̄ mùt à ntı̂p kɔ̂p njaŋgumba ndi à ɓɛha kɔ̀n, à tiblaga u mâl ɓe, tɔ̀lɛ ɓeba jàm i kwêl nyɛ, ɓa ŋkàl lɛ njaŋgumba nyɛn à ŋkı̀l nyɛ liemb, nı̀ halā à ǹlama nɔl ɓɔ̀t yeē. Inyùu nɔl bot, ɓa ɓe ɓa ligis yo, tɔ̀lɛ ɓa lɛ̂ŋ yɔ malep.
Linol bot njañgumba: ibale mut a ntip kop njañgumba ndi a beha kon, a tiblaga u mal bé, tole béba jam i kwél nye, ba ñkal le njañgumba nyen a ñkil nye liemb, ni hala a nlama nol bot yéé. Inyuu nol bot, ba bé ba ligis yo, tole ba leñ yo malép.	Linol ɓɔ̀t njaŋgumba: iɓālɛ̄ mùt à ntı̂p kɔ̂p njaŋgumba ndi à ɓɛha kɔ̀n, à tiblaga u mâl ɓe, tɔ̀lɛ ɓeba jàm i kwêl nyɛ, ɓa ŋkàl lɛ njaŋgumba nyɛn à ŋkı̀l nyɛ liemb, nı̀ halā à ǹlama nɔl ɓɔ̀t yeē. Inyùu nɔl bot, ɓa ɓe ɓa ligis yo, tɔ̀lɛ ɓa lɛ̂ŋ yɔ malep.
Sômbôl me bikombot nyoo i Jaman!	Sombol mɛ̀ bikombot nyɔ̀ɔ i Jaman!
Libôm li sôñ.	Libôm li soŋ.
Ke ñgan; me nnok ñgan yoñ.	Kɛ̀ ñgan; mɛ̀ ǹnɔk ŋgân yɔ̂ŋ.
Biine me miñuu me ntiñil minya mi kembe.	Ɓiinɛ mɛ̀ miñuu mɛ̀ ntiñil minya mi kɛmbɛ̂.
Nledek mut u nnééga bé.	Ǹlɛ̀dɛk mùt u nnēegà ɓe.
Man a nnañal a ñke bikwékwéñi.	Mǎn à nnañal à ŋkɛ̀ bikwékwéñi.
Lida yon i yé hégél yoñ môô.	Lidà yɔn i yè hègel yɔŋ moo.
Me nlama badba too me ñgwés ntohol wem.	Mɛ̀ ǹlama badba tɔ̀ɔ mɛ̀ ŋgwēs ǹtɔhɔl wɛ̂m.
Bañ mbok..	Ɓàŋ mbok..
Hay hyem le we.	Hay hyɛ̂m lɛ wɛ̂.
Kôñ maé.	Koŋ mae.
Nhek nsul (u) mbok a yé hee? (Yés 33,18).	Ǹhɛ̀k ǹsùl (u) mbɔk à yè hɛɛ? (Yès 33,18).
Ñgôrô a ñadap i libap li ndap.	Ñgôrô à ŋadap i lı̀ɓap li ndap.
Kañga maka.	Kàŋga maka.
Boñge ba suglu ba njôp bulubulu.	Ɓɔ̀ŋgɛ ɓa sǔglù ɓa njôp bulubulu.
Nunu mañge a ntjôli nyo.	Nunu màŋgɛ à ntjôli nyɔ̀.
Kal nye le me ñke.	Kǎl nyɛ lɛ mɛ̀ ŋkɛ̀.
Njoñ i yé liñgam.	Njɔ̀ŋ i yè lı̀ŋgam.
A nso man liwahga.	À ǹsɔ man liwahga.
A nnyundul ñkuu .	À nnyundul ŋ̀kuu .
Inyuu hônba nan ni gatohol nom nan.	Inyùu honɓà nân nı̀ gatohol nɔ̀m nân.
Mut binam a nlama bé bégés bisat; ñgé a yé ñgim sat.	Mùt bı̀nàm à ǹlama ɓe ɓegês bisat; ŋgê à yè ŋgı̀m sat.
Mudaa a ntjañya ni maéya.	Mùdàa à ncâŋyā nı̀ màèya.
U gake nyoo wetama.	Ù gakɛ̀ nyɔ̀ɔ wetama.
Mbot i bémbi i hyañgaa.	Mbɔt i ɓembi i hyàŋgaa.
Semkôndi i ntôl nyono.	Semkôndi i ntòl nyɔ̀nɔ.
Mbombo i nhumbul mamañ.	Mbombo i nhumbul màmaŋ.
Me nsim ni!	Mɛ̀ nsim nı̄!
Mél yem i brik i mbôô.	Měl yɛ̂m i brik i mɓoô.
Kogot (i) mut.	Kɔgɔt (i) mût.
Lihus li mpam ñkokon nunu i nyo.	Lı̀hus li mpām ŋkɔ̀kɔ̂n nunu i nyɔ̀.
Kilak i sabe.	Kilak i sabe.
Ñgôôba i boma i gwéé ñguy.	Ñgôôba i ɓɔ̀ma i gwèe ŋgùy.
Mañge nunu.	Màŋgɛ nunu.
Kaat maéba.	Kààt maéba.
Émbrassér.	Émbrassér.
Matôl ma ntôl i ñkoñ woñ.	Matôl ma ntòl i ŋkɔ̀ŋ wɔŋ.
Tôñ i yé kôybaga.	Tòŋ i yè kôybaga.
Loñ Égiptô ni loñ Kanaan bi yoga inyuu njal (Bib 47,13).	Lɔ̀ŋ Egiptò nı̀ lɔ̀ŋ Kanaan bi yɔga inyùu njâl (Bı̀ɓ 47,13).
Nunu mut a ñkon njék.	Nunu mùt à ŋkɔ̀n njêk.
Bésna we di ñkwo babas.	Ɓěsnà wɛ dı̀ ŋ̀kwɔ babas.
Bok moo.	Ɓɔk mɔ̀ɔ.
Ba nyek yom ni nnunjok.	Ɓa ǹyɛ̂k yɔ̌m nı̀ nnunjok.
Mut a ñjôha boñge.	Mùt à ñjôha ɓɔŋgɛ.
Neembene me unu nlamb.	Neembene mɛ̀ unu ǹlamb.
Libéndéñ li yom.	Libéndéñ li yɔm.
Mañge a nse libam, makabô, hiomi.	Màŋgɛ à nse lı̀ɓam, màkàbò, hı̀ɔ̀mi.
Jam li masimba.	Jàm li màsı̀mba.
A mpot mayel.	À mpɔ̄t mayel.
Lel Nen a bé mut matibla.	Lɛl Nen à ɓe mùt màtibla.
Windi i ñudu suglu.	Windi i ŋudu sǔglù.
Me binoode mintuk mini, me bolan.	Mɛ̀ binoode mintùk mini, mɛ̀ bolan.
Me nluga kwade ni mpôs.	Mɛ̀ ǹlûgà kwadɛ nı̀ mpôs.
Unu mañ mudaa u mbuula le!	Unu màŋ mùdàa u mbuula lɛ!
Ñgo kenek u nla nye mu njel.	Ŋgɔ kɛ̀nɛ̀k u nlà nyɛ mu njɛ̀l.
Mut tomb nyen a nhoo mis.	Mùt tɔ̀mb nyɛn à nhɔ̄ɔ mı̌s.
Jada; mada.	Jada; mada.
Bôt ba nyeelene bés mahoñol map.	Ɓòt ɓa nyeelene ɓes màhɔŋɔ̂l map.
A nsit me mbom; a nsit me mbôñ.	À nsı̀t mɛ̀ mbom; à nsı̀t mɛ̀ m̂ɓòŋ.
A nleñ likoñ piñ!.	À ǹlɛ̂ŋ lı̀kɔ̀ŋ piñ!.
Hisiñgi hi njéba ki yômi.	Hı̀sı̀ŋgi hi njēba ki yòmi.
Nnyoo i ñkogoo nye.	Nnyoo i ŋ̀kɔgɔ̄ɔ nyɛ.
Me mbaagene i ñgok.	Mɛ̀ m̂ɓaāgɛnɛ i ŋgɔ̀k.
Timbis ñgwende hyoñ i sogoo.	Timbis ñgwende hyɔŋ i sogoo.
Di njél lôñni biibe i su wés.	Dı̀ njél lòŋnı̀ ɓı̀ı̀bɛ̀ i su wes.
Kobol jombe.	Kɔ̀bɔ̀l jɔ̄mbɛ̂.
Mañgudga ma tuye ma ñkônha woñi inyuu bikeñi gwap.	Mañgudga ma tuyɛ̂ ma ŋkònha wɔ̀ŋi inyùu bı̀kɛŋi gwap.
Man lôk Gwade nu, bés nye di nhaa.	Mǎn lòk Gwadɛ nû, ɓes nyɛ dı̀ nhaa.
Kindle i yé hee?.	Kindle i yè hee?.
Lo hudul me ñwaghe unu!	Lɔ̀ hudul mɛ̀ ŋ́wàghɛ unu!
Biaa u kônde bibaa a yé bitan.	Biaa u kônde biɓaà à yè bitân.
U peble bañ bôdaa ba yé i jogop.	Ù peble ɓâŋ ɓòdàa ɓa yè i jɔ̀gɔ̂p.
tôôs ndap bôt	tôôs ndap ɓòt
Kagaa i ñkônha mañge woñi.	Kagaa i ŋkònha màŋgɛ wɔ̀ŋi.
Ñgaa i yé nôlôl i binuga ni bôt.	Ŋgaa i yè nolol i binùga nı̀ ɓôt.
Makol ma môñgô (Markô 4:38).	Makol ma moŋgō (Markò 4:38).
U tuk bañ woo i ndéé ba ñôm we ndondok.	Ù tùk ɓâŋ wɔɔ i ndèè ɓa ŋ̀om wɛ ndɔ̀ndɔ̀k.
Ñwahge u nhuda.	Ñwahge u nhuda.
Hisoson hi nyi oñ ndap.	Hisoson hi ńyı̄ ɔ̄ŋ ndap.
Libéñél li bipôs lini.	Libéñél li bipos lini.
Di mpéñglaha bikééne gwés bi mambot.	Dı̀ mpéñglaha bikèènɛ gwes bi mambɔt.
A nwañ môô lat.	À nwañ moo lat.
Kôp i mpis inyuule ba ñôm yo ñgok i kôô.	Kop i mpis inyùulɛ̄ ɓa ŋ̀om yɔ ŋgɔ̀k i kòò.
Me ñgwel hinyomo i lop.	Mɛ̀ ŋ̀gwɛ̂l hinyomo i lɔ̄p.
Malép may.	Màlep may.
Wen u nnôgôs me lini jam.	Wɛ̌n u nnōgos mɛ̀ lini jàm.
Me nniñ.	Mɛ̀ nniñ.
E i nsayi= tjay tjéé di ñkudi tjodisô??	Ɛ i nsayi= cǎy cee dı̀ ŋkudı̄ tjodisô??
Wañal môô.	Wañal moo.
Malép ma nsayi= malép ma nsôs, ma num kweñ.	Màlep ma nsayi= màlep ma nsôs, ma num kwɛŋ.
U kida bañ nyoo.	Ù kida ɓâŋ nyɔɔ.
Kôlôl mut kék ñño.	Kòlòl mùt kek ŋŋɔ̄.
Hihéga hi éfa hyada ikédé jôm (Man.16,36).	Hihéga hi éfa hyada ikède jǒm (Man.16,36).
Hikii kel me nnogop.	Hikı̀i kɛl mɛ̀ nnogop.
Mudaa a ñke (i) jôñ.	Mùdàa à ŋkɛ̀ (i) jōŋ.
Ba nsébél ki liñgômb le bahba liôk .	Ɓa nsèbel ki liñgômb lɛ ɓāhba liôk .
Ti me hooba yem.	Ti mɛ̀ hɔɔba yɛ̂m.
Nyodna me hégdéhégdé woñ hana! .	Nyɔdnà mɛ̀ hégdéhégdé wɔŋ hana! .
Suluk i nnyañgla homa nyensô.	Sulûk i nnyañgla hɔ̀ma nyɛ̂nsô.
Bôt bana ba bibañna, ba ñkahal kwel ntôñ.	Ɓòt ɓana ɓa bibañna, ɓa ŋ̀kahal kwɛ̀l ntoŋ.
Mañ mut u mbéhél mañge hikéñ.	Maŋ mùt u m̂ɓehēl màŋgɛ hı̀kèŋ.
Nop matanga a nno.	Nɔ̌p matanga à nnɔ̄.
Lona me kurba wem nson.	Lɔ̀na mɛ̀ kurba wɛ̂m ǹsɔn.
Kôô matôwa u yé ñgiiña.	Kòò matowà u yè ñgiiña.
Hibee hi mbudba.	Hı̀ɓɛ̀ɛ hi mɓudɓà.
A ñhangap i pôla yap i sék jomol.	À ñhangap i pōla yap i sék jɔ̀mɔ̂l.
Ndék man ini i nyik bé kindba.	Ndèk man ı̀ni i nyik ɓe kindba.
Man tôle a mbôlôl i hyandi.	Mǎn tolɛ̀ à m̂ɓolol i hyàndi.
A yé hisit mbôñ.	À yè hisit m̂ɓòŋ.
I[204]soñ a ñômle we léda.	I[204]sɔŋ à ŋ̀omlɛ wɛ léda.
Me nhonba bijek.	Mɛ̀ nhonba bijɛk.
Ba nnobol makôô le u u nsude.	Ɓa nnobol màkòò lɛ u u nsudɛ̂.
Man libii; ñgond libii.	Mǎn libii; ŋgɔ̀nd lı̀ɓiı̂.
Me mbômla hibagi hilam.	Mɛ̀ mɓōmla hibagi hı̀lam.
Ñwak Étiôpya u bé kil ñgii bamban.	Ŋwǎk Étiôpya u ɓe kı̀l ŋgı̀i bamban.
A ñkon i hyeñ (hi) walôm.	À ŋkɔ̀n i hyeñ (hi) walōm.
Mut a ñkwes me jam.	Mùt à ñkwes mɛ̀ jàm.
U u nsude.	Ù u nsudɛ̂.
Litap li biték.	Litap li bitèk.
Hyôô hi nyoñ man kôp.	Hyòò hi ńyɔ̀ŋ man kop.
Woo walôm u nsal ñgandak.	Wɔ̀ɔ̀ walôm u ǹsal ŋgandàk.
Nop a nhiñgil muu lom .	Nɔ̌p à nhiñgil mùù lɔ̀m .
Kañ tôñ.	Kaŋ tôŋ.
A lôgtata i gwéha.	À lôgtata i gwéha.
Biloñ bipe bi bé hoñlak le likabô li yé ndigi bijék bi mbene.	Bı̀lɔ̀ŋ bı̀pɛ bi ɓe hɔŋlak lɛ lı̀kàbò li yè ndigi bijék bi mbene.
Masuyne ma mbéñ.	Masuyne ma mbèŋ.
U ñgwés u nnik bôt le!	Ù ŋgwēs u ǹnı̂k ɓòt lɛ!
A nnyuñha me bôô puma, bon bap ba nnyuñha mé.	À nnyuñha mɛ̀ ɓoō puma, ɓɔn ɓap ɓa nnyuñha mê.
Mapubi ma kel; ni bôt ba yé mapubi.	Màpubi ma kɛ̄l; nı̀ ɓòt ɓa yè mapubi.
Ba ñumb ndap ni pem.	Ɓa ŋùmb ndap nı̀ pem.
U mpidbene kii bijek gwem?	Ù mpı̀dɓɛnɛ kı̀i bı̀jɛk gwɛ̂m?
Bômba i malép i tégi me i kédé ndap.	Bômba i màlep i tegi mɛ̀ i kède ndap.
Nyandôm a mba nyik ta a nnol i hyandi.	Nyàndom à m̂ɓà nyik ta à ǹnɔl i hyàndi.
Gwagwa le u somb tjobi ha nyaga béé.	Gwàgwà lɛ u sɔ̄mb cɔbı̄ ha nyàgà ɓee.
A gwéé mbom be.	À gwèe mbɔ̀m ɓɛ̄.
Hinuni hi mbihbe kédi, bihbene yé i bak hyay hi ñkwél i ñgii kédi.	Hı̀nùni hi mɓihbɛ kédi, bihbene yè i ɓak hyày hi ŋkwêl i ŋgı̀i kedı̄.
Hitjo hi mbodbe nye ni dinoo .	Hı̀cɔ hi mbodbe nyɛ nı̀ dinɔ̀ɔ .
Lihéé li ñgôy.	Lihéé li ŋgôy.
Me ntam le me hek gwo (Bib. 6,7).	Mɛ̀ ntām lɛ mɛ̀ hɛ̌k gwɔ (Bib. 6,7).
Nunu mañge a mpôha ñgandak; a yé mut mapôha.	Nunu màŋgɛ à mpōha ŋgàndàk; à yè mùt mapôha.
Titimba i yé bituñgi bituñgi (Yés.14,23).	Titimba i yè bituñgi bituñgi (Yés.14,23).
Pes me nye.	Pɛ̀s mɛ̀ nyɛ.
Sô i yé kwak nuga (kwak? kwak?).	So i yè kwak nugā (kwak? kwak?).
Mandap més ma ntihna.	Màndap mes ma ntihna.
Dioksap di téé lipan jem.	Dioksap dı̀ tee lipàn jɛ̂m.
Linyañ li nlama hoñlana.	Lı̀nyàŋ li ǹlama hoñlana.
Liend ño li yé ñgim bôlô.	Lı̀ɛ̀nd ŋɔ li yè ŋgı̀m ɓòlo.
Bidimô bi nyama = ñkugi (u) je.	Bidimô bi nyama = ŋ̀kugı̀ (u) jɛ.
Ntuba tjémbi.	Ǹtuba tjémbi.
Kida lisoñ.	Kı̀dà lı̀sɔ̀ŋ.
A nyis man i téblé.	À ńyı̄s man i têblè.
Malép ma nhundi isi.	Màlep ma nhundi isı̄.
Kwem i môô.	Kwɛ̀m i moo.
Liha jis li mbas.	Lı̀ha jis li mbâs.
A yé béba mut.	À yè ɓeba mût.
Sehla tjetje.	Sehla tjetje.
Mintonba mi nnôñôl mimpay.	Mı̀ntɔ̀nɓà mi nnòŋol mimpay.
Di mpohlana batelep ba bisu ba likoda li wanda.	Dı̀ mpohlana batelep ɓa bisū ɓa likɔ̀da li wānda.
A ñkôs kondo.	À ŋ̀kôs kondo.
Hale a lo.	Hale à lɔ̂.
Me mbôñha maké.	Mɛ̀ m̂ɓôŋha màkè.
Basaa ba nlôl hee? "Di nlôl likôl".	Ɓàsàa ɓa nlòl hɛɛ? "Dı̀ nlòl likôl".
Basaa ba nlôl hee? "Di nlôl likôl".	Ɓàsàa ɓa nlòl hɛɛ? "Dı̀ nlòl likôl".
Me ñke sapia kakaô.	Mɛ̀ ŋkɛ̀ sapia kakāò.
Dikaha di ñgwéñgi .	Dikaha dı̀ ñgwéñgi .
Kand kuu.	Kànd kùù.
Me ñkôma mambegee mem.	Mɛ̀ ŋkòmà mambɛ̀gɛ̀ɛ̀ mɛ̂m.
Yisoñ me mbép we hanano!	Yisoñ mɛ̀ m̂ɓep wɛ hanano!
Liñgwañ jon li nyédbaha we.	Liñgwañ jɔn li nyédbaha wɛ̂.
Likoglak li ñkôm.	Likoglak li ŋkom.
Nsôsôgô le jiibe li nyemb.	Nsôsôgô lɛ jiibe li nyɛ̀mb.
A mmo nlôm .	À mmo ǹlom .
Buk yoñ i mbabaa me.	Ɓuk yɔŋ i m̂ɓabaa mɛ̂.
Dokta a ñkan ñkokon.	Dɔ̂ktà à ŋ̀kan ŋkɔ̀kɔ̂n.
U kaa bañ ni nyuñ.	Ù kàà ɓâŋ nı̀ nyuñ.
A ntidha me ntuba ñgi minsôa, di ntidha makondo més.	À ntidha mɛ̀ ntuba ŋgı̀ minsôa, dı̀ ntidha makɔ̀ndɔ̀ mes.
Liduba li yé loñge i kédé njaañgô .	Liduba li yè lɔŋgɛ i kède njààŋgò .
Hô bijek gwoñ!	Ho bı̀jɛk gwoñ!
Kes hyôs.	Kɛs hyôs.
Nyodna me wômôl ha!	Nyɔdnà mɛ̀ wômôl hâ!
Ñgombi nyo ni ñgombi moo.	Ñgombi nyɔ̀ nı̀ ñgombi mɔ̀ɔ.
Nlôñga jogop.	Ǹlòŋga jɔ̀gɔ̂p.
Lo yodol man nunu!	Lɔ̀ yodol man nunu!
Hoy i gwéé me.	Hoy i gwèe mɛ̂.
Ñkumuk wéé ñwaa u mpam bé i tan.	Ñkumuk wee ŋwaa u mpām ɓe i tân.
ndi komol i bikomol ñkoñ isi yo ini le, hémle yés. 1yôh 5: 4	ndi komol i bikomol ŋkɔ̀ŋ isı̄ yɔ ı̀ni lɛ, hēmlɛ̀ yes. 1yôh 5: 4
A nsôlha me malét yañga; di nsôlha nye.	À nsôlha mɛ̀ malêt yàŋgà; dı̀ nsôlha nyɛ.
Me nniñne i simet.	Mɛ̀ nniñne i sı̀mɛ̂t.
Bikaat bibaa.	Bı̀kààt biɓaà.
Ki a beñep ha len!	Ki à beñep ha lɛ̀n!
Me bije oñg nyaga.	Mɛ̀ bijɛ̄ oñg nyagà.
Suhul nyuu.	Sùhul nyuu.
Sihe say.	Sihe sày.
Nyaga u nyééne i lép.	Nyàgà u ńyèènɛ i lēp.
Ba nyek wom ni ñkaanjék.	Ɓa ǹyɛ̂k wɔ̀m nı̀ ñkaanjék.
Bini bitôñ bi nti ñgandak njoñ.	Bini bitòŋ bi ǹti ŋgàndàk njoñ.
Hee u mbep yom me gañwas me we.	Hɛɛ u mɓɛ̄p yɔ̌m mɛ̀ gañwas mɛ̀ wɛ̂.
Hindémda hi mut hi!	Hindémda hi mùt hı̂!
Hiliba hi matôa.	Hiliba hi matoà.
Mbôndô i mmal i ñegel me masoñ.	Mbòndo i m̂mâl i ñegel mɛ̀ màsɔ̀ŋ.
Nhuu mut.	Nhuu mût.
Kinje huluk nu! .	Kinjɛ̄ huluk nû! .
Nuu mañge a bitjogop ñgandak.	Nuu màŋgɛ à bitjogop ŋgandàk.
Hikobda hi jam .	Hikobda hi jàm .
Hyéé hi nlék liklik.	Hyèe hi nlēk liklik.
Mañge nuu a mboyop hay a ñkwo kégse.	Màŋgɛ nuu à mboyop hay à ŋ̀kwɔ kêgsɛ̀.
Nuñgne mut mbôñe le a kwoo.	Nuŋgnɛ mùt mɓōŋɛ lɛ à kwoo.
Libum li mmagap.	Lı̀ɓùm li mmagap.
A ñôôp i ndéé a ñke.	À ñôôp i ndèè à ŋkɛ̀.
Hyay (hi) sibe.	Hyǎy (hi) sı̀bɛ̀.
Telep siñ.	Tɛlɛ̂p siñ.
Kigli ñkok tôm i ñkéñ njel.	Kigli ŋkɔ̀k tôm i ŋkēŋ njɛ̀l.
Ñke liemb a nyiba.	Ñke liɛ̀mb à ńyibâ.
A ñôm su (i)si.	À ŋ̀om su (i)si.
Nyañgô a mmal eñg man i pamna nye.	Nyàŋgo à m̂mâl ɛ̂ŋg man i pamnà nyɛ.
Yokel yaga nyen u bike i mok.	Yɔ̀kɛl yaga nyɛn u bikɛ̀ i mɔ̀k.
Me mbude bijek ilole me pamak i ndap.	Mɛ̀ mɓūdɛ bı̀jɛk ı̀lɔ̀lɛ mɛ̀ pamak i ndap.
Bôlô i nséla.	Ɓòlo i nséla.
Mut a mpule bé lilélél.	Mùt à m̂pulɛ ɓe lilélél.
Hulul bijek bi nhôlôl.	Hulul bı̀jɛk bi nholôl.
Kéne ñgén.	Kéne ñgén.
Hee mañge a mbédne lipep?	Hɛɛ màŋgɛ à mbédne lipep?
Ñkép kii njodi.	Ñkép kı̀i njodi.
Heetje ki u ñkwo!	Heetje ki u ñkwo!
A yé boni nye.	À yè boni nyɛ.
Bijek gwoñ bi ñkuhlana bé .	Bı̀jɛk gwɔŋ bi ñkuhlana ɓe .
Boñge ba naña kel yap libii.	Ɓɔ̀ŋgɛ ɓa naña kɛl yap lı̀ɓiı̂.
Lijubul li ndap lini.	Lijubul li ndap lini.
U kôna bañ me.	Ù kôna ɓâŋ mɛ̂.
Jis li kaba.	Jı̀s li kaba.
A nsuene me malét.	À ǹsuɛ̄nɛ mɛ̀ malêt.
Ñguy i yé man nuga.	Ŋgùy i yè man nugā.
Kiñe yés i bi éa i nyemb yéé.	Kiŋɛ yes i bi éa i nyɛ̀mb yeē.
Njôk bo Ntép ba yé mahas ma bôlôm, Kipôdô bo Kitô ba yii mahas ma bôdaa.	Njòk ɓɔ Ntép ɓa yè mahas ma bôlôm, Kipôdô ɓɔ Kitô ɓa yı̀i mahas ma ɓodàa.
A ñgwés minsoga.	À ŋgwēs minsoga.
A njalba ni!	À njalba nı̄!
Mudaa liwél? (MLY) .	Mùdàa liwél? (MLY) .
Bitan u kônde bibaa a yé bisambok.	Bitan u kônde biɓaà à yè bisambok.
Nlôñ bisu ni u mbus liôm Hyém 146 - 150.	Ǹlòŋ bisū nı̀ u mbūs lı̀om Hyèm 146 - 150.
Manyok ma ñgwel bés unu ñwii.	Mànyɔ̀k ma ŋ̀gwɛ̂l ɓes unu ŋwı̀ı̀.
Kwede a nne iloo likabô.	Kwede à nnɛ̀ ı̀lɔ̀ɔ̀ lı̀kàbò.
Kwede a nne iloo likabô.	Kwede à nnɛ̀ ı̀lɔ̀ɔ̀ lı̀kàbò.
U wonsôna me ñke bé hilo.	Ù wonsôna mɛ̀ ŋkɛ̀ ɓe hilɔ̄.
Bahémle Nyambe ba nteembana.	Ɓàhemlɛ̀ Nyambɛ ɓa nteembana.
Me ñégés nye inyuu ñgôk wéé.	Mɛ̀ ñégés nyɛ inyùu ŋgok wee.
Mudaa nunu a nla nson.	Mùdàa nunu à nlà ǹsɔn.
Kel i nhas me.	Kɛl i ǹhas mɛ̂.
Kinje lihyoñ li!	Kinjɛ̄ lihyoñ lı̂!
Ntiñga u mbot pada.	Ntiñga u mbɔt padà.
Kas moni.	Kas mɔ̀ni.
A nhyôhôl miñkôô i kédé tuñ.	À nhyôhôl miŋkòò i kède tùŋ.
Mayé ma kel sonde nyen Ñwet Yésu a tuge i soñ.	Mayé ma kɛl sɔndɛ nyɛn Ŋwɛ̀t Yesù à tuge i sɔ̀ŋ.
Ba nsaa bés nson di biboñ.	Ɓa nsāa ɓes ǹsɔn dı̀ biɓɔ̀ŋ.
Lihyôlôl li mbum bôôlôm bape.	Lihyôlôl li mbum bôôlôm ɓàpɛ.
Ndôndôô i nyégle nye likégéé.	Ndôndôô i nyeglɛ nyɛ likégéé.
Hisañ hi nyam me.	Hisañ hi nyam mɛ̂.
Libôk li nnene njoynjoy i kédé.	Lı̀ɓok li nnɛ̄nɛ njoynjoy i kédé.
A ñke a nhuda.	À ŋkɛ̀ à nhuda.
Nyañgô a nnéyés dibee tjodisô .	Nyàŋgo à nnéyés diɓɛ̀ɛ cɔdisô .
Boñge ba njôhna.	Ɓɔ̀ŋgɛ ɓa njôhna.
A mbat we (hiñgéda).	À mɓàt wɛ (hiñgéda).
Sôñ i ñkige mudaa.	Soŋ i ñkige mùdàa.
U bôñôl bañ yañan tawédé.	Ù ɓoŋōl ɓâŋ yàŋan tawèdè.
Nyoyo a nyén bé i loñ yéé.	Nyoyo à ńyèn ɓe i lɔ̀ŋ yeē.
Kék i ségi i ñgii lién.	Kek i ségi i ŋgı̀i lien.
Ba yé i juhul = ba nnuhul.	Ɓa yè i juhul = ɓa nnūhûl.
Lôla mbôñ.	Lôla m̂ɓòŋ.
Ba mbogde jomb to jade ni miñkôô.	Ɓa mɓɔ̀gdɛ jɔ̀mb tɔ̀ jàdɛ̂ nı̀ miŋkòò.
Hiliga hi mbéna koogana makôô.	Hiliga hi mɓèna koogana makòò.
Nunki kii mut a mbéñ ñwaa wéé i kédé ndobo!.	Nǔnkı̀ kı̀i mùt à mbèŋ ŋwaa wee i kède ndobo!.
U ñke hee?...me ñke i hes bibee.	Ù ŋkɛ̀ hee?...me ŋkɛ̀ i hɛ̀s bı̀ɓɛɛ.
A yé kagdakagda mut.	À yè kagdakagda mût.
Abôm ki..., kiyogle a..: awe ! .	Abôm ki..., kiyogle a..: awe ! .
A mbida bé mahindi.	À mɓı̄da ɓe mahindi.
Hyas hi ñgii; hyas hi si (hi mbugi nye).	Hyas hi ñgii; hyàs hi sı̄ (hi mɓugı̂ nye).
Ni hulha bakwade banan! .	Nı̀ hulha ɓakwadɛ banan! .
Ñgand i ñkahal hot.	Ŋgànd i ŋ̀kahal hɔ̄t.
Mañge a nnyot manyañ bijek i nyo.	Màŋgɛ à nnyot manyâŋ bı̀jɛk i nyɔ̀.
Kel i ñkahal hei.	Kɛl i ŋ̀kahal hei.
Limbibi li nsôghe me.	Limbibi li nsòghɛ mɛ̂.
A nséde miñkaa.	À nséde miñkaa.
Aviyoñ a ñkena bôt i muu tuye.	Aviyoñ à ŋkɛ̀na ɓòt i mùù tuyɛ̂.
Di gwéé ñgeñ bôô yeyee.	Dı̀ gwèe ŋgɛŋ ɓoō yeyee.
Me mmal bandap nson, mut a tééñga ha ndugi bañ ki me.	Mɛ̀ m̂mâl bandap ǹsɔn, mùt à tèèŋgà ha ndugi ɓâŋ ki mɛ̂.
Kii i u mbônde ha?	Kii i u mɓòndɛ hâ?
Kii we u nhyañga hala? .	Kii wɛ u nhyañga halà? .
Poñbe ni tjay.	Poñbe nı̀ cay.
A ñkahal kôhle gwom gwéé.	À ŋ̀kahal kôhle gwɔm gwee.
A ntjégél hop i ndap suglu.	À ǹcegel hɔp i ndap sǔglù.
A yé ñkombén hana ini mbay.	À yè ñkombén hana ı̀ni mbāy.
Jañga li mbéna ne ñgandak.	Jañga li mɓèna ne ŋgandàk.
Kii u nnunuu me hala?	Kii u nnunuu mɛ̀ halà?
Nléla a nnidil me man.	Ǹlèla à nnidil mɛ̀ man.
Hikoba hini, heni, kañ.	Hikoba hini, heni, kañ.
Baa nlimil woñ u gwéé libôñgô?	Ɓàa ǹlimı̄l wɔŋ u gwèe libôñgô?
Mbebi i nnudul bie isi; mbebi i nhôñ.	Mbɛ̀bi i nnudul biɛ isı̄; mbɛ̀bi i nhôñ.
U pénda bañ i ñkwel u.	Ù pénda ɓâŋ i ŋkwɛ̀l û.
Mudaa nunu a mbayap ñgandak.	Mùdàa nunu à mbayap ŋgandàk.
Malét a mbéna bude boñge bé = niñi isi ni bép disôô.	Màlêt à mɓèna bude ɓɔ̀ŋgɛ ɓe = nı̀ŋi isı̄ nı̀ ɓep disòo.
Basahanyik ba ntulul ndigi ikédé bikay.	Basahanyik ɓa ntùlul ndigi ikède bikay.
Ñwaa woñ a ntonba.	Ŋwàà wɔŋ à ǹtɔ̀nɓà.
Man woñ a ñkôm.	Mǎn wɔŋ à ŋkom.
Kii me tagbege a añal me sañ.	Kii mɛ̀ tagbege à āŋâl mɛ̀ sàŋ.
Di nséé malo moñ.	Dı̀ nsēe màlɔ̀ mɔŋ.
Keñgee i nlôñga .	Keñgee i ǹlòŋga .
Loñge a gwéé mambôô2.	Lɔ̀ŋgɛ à gwèe mambôô2.
Bé bé soobe wa ni nsooga (i) ñgéda nôgôs yoñ i bikwél bo (Yés 26,16).	Bé ɓe soobe wa nı̀ nsɔ̀ɔ̀gà (i) ŋgèdà nōgôs yɔŋ i bikwél ɓɔ (Yès 26,16).
Mañ mut u mbabba hyañgaa.	Maŋ mùt u mɓābɓa hyàŋgaa.
Bép kembe i nnumb manañ.	Ɓep kɛmbɛ̂ i nnùmb manañ.
Kwo ñkaa.	Kwɔ̀ ŋkaa.
A ñkal we mpaha.	À ŋkàl wɛ mpaha.
Kon makôô u ntindbaha nye.	Kɔ̀n màkòò u ntindbaha nyɛ.
Mut a nlegel mut numpe mam ma bet ma kundi ñgéda lbo nye ba nnomol, inyuule a mbañal ha bé jam li pot mut nu. .	Mùt à ǹlɛgɛ̄l mùt nûmpɛ màm ma ɓɛt ma kundi ŋgèdà lbo nyɛ ɓa nnomol, inyùulɛ̄ à mɓāŋal ha ɓe jàm li pɔt mùt nû. .
Bôt bobasô ba mbégi.	Ɓòt ɓɔɓasô ɓa mbégi.
Hiñgonda hi nsebel makabô.	Hı̀ŋgɔ̀ndà hi nsebel makàbò.
Tubul mut hipa (Man 1,10).	Tubul mùt hı̀pa (Màn 1,10).
Bôt bada.	Ɓòt bada.
A mbôône bés.	À mɓoonɛ ɓes.
Mbay yéé i ntôla lipénd.	Mbay yèe i ntola lipènd.
Bôt baa = mut wada ñgélé iaa.	Ɓòt ɓaa = mùt wada ŋgèlè iaâ.
Mam ma nsañgla.	Màm ma nsañgla.
A nsôñglaha me kaat; di nsôñglaha kaat.	À ǹsoŋglaha mɛ̀ kaàt; dı̀ ǹsoŋglaha kààt.
Mapam i mbay suglu.	Màpam i mbāy sǔglù.
Ñgwa wé lem u!	Ŋgwà we lɛ̄m û!
Ñgoñgoñ ñem mau.	Ŋgɔ̀ŋgɔ̀ŋ ŋɛm mau.
Me ñke i bemb ñwaa wem i gar.	Mɛ̀ ŋkɛ̀ i ɓɛ̌mb ŋwaa wɛ̂m i gar.
Mañge a ntônd ni ñkoñ.	Màŋgɛ à ntônd nı̀ ŋkɔ̀ŋ.
isañ man a mbibil yaga man ha bisu bi malét wéé.	ı̀saŋ man à mɓı̄bil yaga man ha bisū bi malêt wee.
Ke tjo kabi.	Kɛ̀ cɔ kabi.
Di mbéna il kabunda hikañ to i sôñ dipos.	Dı̀ mɓèna il kabunda hı̀kaŋ tɔ̀ i sōŋ dı̀pɔ̀s.
Mañge nunu a mbéna gwô.	Màŋgɛ nunu à mɓèna gwô.
Me ntihba nyoo.	Mɛ̀ ntı̄hba nyɔɔ.
Ba nhôlna nson .	Ɓa nhôlna ǹsɔn .
Hyañgaa hi mbay.	Hyàŋgaa hi mbāy.
A nyoña mañge mudaa.	À ńyɔŋā màŋgɛ mùdàa.
Loo!	Loo!
Kôli i ney.	Kolı̂ i nɛ̀y.
Nyôba u nlona bibuk bibe.	Nyôba u nlɔ̀na biɓuk bı̀ɓɛ.
Me nnyiimbene mut nyuñga môô.	Mɛ̀ nnyiimbene mùt nyùŋga moo.
I mut nunu a yé limuge.	I mùt nunu à yè limuge.
Me mmal babas.	Mɛ̀ m̂mâl babas.
Ba mut pék = yila mut pék, mut nu a ñkon Nyambe woñi.	Ɓa mùt pêk = yı̀là mùt pék, mùt nu à ŋkɔ̀n Nyambɛ wɔ̀ŋi.
Ñgomén a ñôñha bôt mandap ma bibende; di biôñha mandap més.	Ŋgɔmên à ñôñha ɓòt mandap ma bibende; dı̀ biôñha mandap mes.
Lilelna bijek nloñ li nlo laa?	Lilelna bı̀jɛk nlɔ̄ŋ li nlɔ̀ laa?
Me mbagle(ne) bo inyuu semb liyôgbe.	Mɛ̀ mɓāglɛ(nɛ) ɓɔ inyùu semb liyôgbe.
Likôga li nnyadla batone.	Lı̀kòga li nnyadla ɓatɔ̀nɛ̀.
Lisôô nsugi.	Lı̀sòò ǹsugi.
A ntoñ me juu ni ñway.	À ntɔ̀ŋ mɛ̀ jùu nı̀ ñway.
Hiun hi ntu ; lisun li ntu.	Hı̀un hi ntu ; lisun li ntū.
Mut a ñabal soso hop.	Mùt à ŋ̀abal sɔsɔ̄ hɔp.
Masôk ma suglu ma kôli ni kogse.	Màsok ma sǔglù ma kòli nı̀ kogse.
Kipôdô bo Kitô.	Kipôdô ɓɔ Kitô.
Mudaa a mbenep, nye a si bé hiloga hi.	Mùdàa à mbenep, nyɛ à sı̄ ɓe hı̀lɔga hı̂.
Mut nunu a yé kidik.	Mùt nunu à yè kidik.
Litadak u ntat biñgond gwoñ li nnôlha me.	Litadak u ǹtat bı̀ŋgɔ̀nd gwɔŋ li nnôlha mɛ̂.
A nnyañle me sôya ni hinoo.	À nnyañle mɛ̀ soyà nı̀ hı̀nɔ̀ɔ.
Njoñ i nhus.	Njɔ̀ŋ i nhus.
Di ññwéhlana.	Dı̀ ññwéhlana.
Manjel ma kôbôl njék ma yé ntabda.	Manjel ma kobol njêk ma yè ntabda.
Kibii bés i moo ma ñemb.	Kibii ɓes i mɔ̀ɔ ma ŋ̀ɛ̀mb.
A ñkagal mañ mut.	À ŋ̀kagal màŋ mût.
Jôñ mut i nyi bé le mbegee i ñét.	Joŋ mùt i ńyı̄ ɓe lɛ mbɛ̀gɛ̀ɛ̀ i ñét.
Bôt ba nyañgbene me.	Ɓòt ɓa nyañgbene mɛ̂.
Me njôl i su kii ñgwo.	Mɛ̀ njôl i su kı̀i ŋgwɔ.
Hyéé hi nloñ hi siye; siye mut nunu loñge.	Hyèe hi nlɔ̄ŋ hi siye; siyɛ mùt nunu lɔŋgɛ̂.
Nunu mut a gwéé bibuk bibe.	Nunu mùt à gwèe biɓuk bı̀ɓɛ.
A mpéyéy jam lini i hôla Ñwet.	À mpéyéy jàm lini i hola Ŋwɛ̌t.
Ba mbédés libômb li bijek.	Ɓa mɓēdes libômb li bijɛk.
Ba mbédés libômb li bijek.	Ɓa mɓēdes libômb li bijɛk.
Mañge a mbôbhe me jomb.	Màŋgɛ à mbôbhe mɛ̀ jɔ̌mb.
Malok ma kôsi.	Màlɔk ma kôsi.
Mut nu a kôdi ?	Mùt nu à kodi ?
Nyee i ntibil libum.	Nyee i ntı̄bil liɓùm.
Nyee i ntibil libum.	Nyee i ntı̄bil liɓùm.
Libél li nhañ bé i mbok.	Lı̀ɓèl li nhāŋ ɓe i mbɔk.
Tudu i mbas.	Tudu i mbâs.
Kapénda i ntubus ñgandak mapondo; di ntubus tjémbi.	Kapendà i ntūbus ŋgàndàk mapɔ̀ndɔ; dı̀ ntūbus tjémbi.
Liyoña li mudaa (MLY).	Liyoña li mùdàa (MLY).
Me ntol bitôdô.	Mɛ̀ ntol bitòdò.
Ñin kuumba u njés bon lôñni nsohol.	Ñin kuumba u ǹjes ɓɔn lòŋnı̀ nsohol.
Ñkum u nyuk.	Ñkum u ńyùk.
Ki me ki a nlo béé.	Ki mɛ̀ ki à nlɔ̀ ɓee.
Me gwéé tua ñkwade.	Mɛ̀ gwèe tùa ŋ̀kwadɛ̂.
Litôp mut jôy, litôp hyémbi.	Litôp mùt jôy, litôp hyembi.
Sômbôl me libadô!	Sombol mɛ̀ libadô!
A nhyelbana me ntonba.	À nhyelbana mɛ̀ ǹtɔ̀nɓà.
Nyuu i ntomb; mini minsoñgi mi ntomb.	Nyùu i ntomb; mini mı̀nsɔ̀ŋgi mi ntɔ̀mb.
Bôt ba makañ ba mbena bo ni bo.	Ɓòt ɓa makañ ɓa mbena ɓɔ nı̀ ɓɔ.
Wen u nhôlha malép ma jogop.	Wɛ̌n u nhōlha màlep ma jɔ̀gɔ̂p.
Mañ pia; mañ mi kakaô.	Maŋ pı̄à; màŋ mi kakāò.
We u mbééya yaga bikay hyes!	Wɛ̀ u mbééya yaga bı̀kay hyes!
Ba nnoña bikak bi masin.	Ɓa nnɔ̀ŋa bikak bi ması̂n.
MLY:mbot? mbot? mbot? i ñkwo ñkaa.	MLY:mbot? mbot? mbot? i ŋ̀kwɔ ŋkaa.
U ntehe i hyôt hi nlo i pémsan!.	Ù ǹtɛhɛ i hyôt hi nlɔ̀ i pémsan!.
Hisoo hyem hi yé hee? Ho hini!	Hı̀sɔɔ hyɛ̂m hi yè hɛɛ? Hɔ̀ hini!
Mañge a nnyuunda libebi li ndap.	Màŋgɛ à nnyuunda lı̄ɓɛ̀bi li ndap.
Njee a nléhés boma ini?	Njɛɛ à nléhés ɓɔ̀ma ı̀ni?
Ba ntôdlaha nye bañan bakén yañga; di ntôdlaha ni baudu.	Ɓa ntôdlaha nyɛ bañan ɓàkèn yàŋgà; dı̀ ntôdlaha nı̀ ɓaudu.
Lisoba li nyuu (MLY).	Lı̀sɔ̀bà li nyùu (MLY).
Likoñ joñ li mpek.	Lı̀kɔ̀ŋ jɔŋ li mpek.
Mbôñe i yé nuñgne i hyandi.	Mbôñe i yè nuñgne i hyàndi.
Ba njul bôt i kédé hisi.	Ɓa njûl ɓòt i kède hisi.
Man a ñwéhél me yañan mbot.	Mǎn à ŋwehel mɛ̀ yàŋan mbɔt.
Baeñ maok ba ntôl munu i bésni iloo bañwot wain.	Baeñ màɔ̀k ɓa ntòl munu i bésni ı̀lɔ̀ɔ̀ bañwot wain.
Nsélél u hikii kel u nséhi ndik kel yada.	Ǹselêl u hikı̀i kɛl u nséhi ndik kɛl yàda.
Jumbul li saay.	Jumbul li sàây.
Begee ñkokon señgeseñge.	Ɓɛ̀gɛ̀ɛ̀ ŋkɔ̀kɔ̂n señgeseñge.
Libehna li ta bé munu lép unu.	Libehna li ta ɓe munu lep unu.
Ndééñga a ñkes.	Ndééñga à ñkes.
Bisônda bi ñgwela.	Bı̀sonda bi ŋgwɛ̀là.
Gwom bihogi bi ta béé; bôt bahogi; ñgéda (i)hogi.	Gwɔ̌m bı̀hɔgi bi ta ɓèe; ɓòt bahogi; ŋgèdà (i)hogi.
Balap su.	Balap su.
Bébkembe i nlôôha je ñwañan ñwom.	Bébkembe i nlòòha jɛ ñwañan ñwom.
Jomol jéé li ñégha me sôya.	Jɔ̀mɔ̂l jee li ŋ̀êgha mɛ̀ sōya.
Ba ñublaha me makabô; mañge a ñublaha me sô.	Ɓa ñublaha mɛ̀ makabô; màŋgɛ à ñublaha mɛ̀ so.
Urs i nyén biloñ bisuni bi mbeñge.	Urs i ńyèn bilɔ̀ŋ bisuni bi mbɛ̀ŋgɛ̀.
Me nsébla mu i dina li.	Mɛ̀ nsèbla mu i dina lı̂.
Mudaa a nsôñ nlôm.	Mùdàa à ǹsôŋ nlom.
Bilébla bi ntém bee.	Bilébla bi ntem ɓɛ̄ɛ.
A yé mbômba mut.	À yè mɓòmɓa mût.
Himala hi njal (uné faminé, dié Hungérsnit, a faminé).	Hı̀màla hi njâl (uné faminé, dié Hungérsnit, à faminé).
Ibale u nyi bé hyôm (i) tison u ntek bé jañ.	Iɓālɛ̄ u ńyı̄ ɓe hyom (i) tisɔ̀n u ntɛ̄k ɓe jañ.
Bihuga bi ntôl hana i pes mbok ini.	Bihuga bi ntòl hana i pɛ̀s mbɔk ı̀ni.
Malét a nniiga liloñge.	Màlêt à nnı̄iga liloñge.
Biténis gwem bi mpédi inyuule nop a bak ñgandak.	Biténis gwɛ̂m bi mpedi inyùulɛ̄ nɔ̌p à ɓak ŋgandàk.
Mut nunu a mbigde mam	Mùt nunu à m̂ɓigdɛ màm
"Ndi m(e g)atohol bé me bo ni...lijo..." Hôséa 1:7.	"Ndi m(e g)atohol ɓe mɛ̀ ɓɔ ni...lijo..." Hòseà 1:7.
Me tôdge bañ, me nyaa ndigi kel i nye.	Mɛ̀ tôdge ɓâŋ, mɛ̀ nyaā ndigi kɛl i nyɛ.
Umbee ntén libadô.	Umbee ǹten liɓàdò.
Pan i ñkwo isi le kôññ!	Pân i ŋ̀kwɔ isı̄ lɛ kôññ!
Mut nunu a nluk matôa bañga liluguk.	Mùt nunu à ǹluk matoà ɓàŋga liluguk.
Libôl li ñgambi li dokta li ñkoñ.	Libôl li ŋgāmbi li dɔ̂ktà li ŋkɔ̀ŋ.
nnobol matebel	nnobol màtɛbɛ̂l
Mut mindañ nunu!	Mùt mindaŋ nunu!
Minhon misamal.	Minhon misamal.
Ndéé imbee sôñ i ntel?	Ndèè ı̀mbɛɛ sōŋ i ntel?
Ba nligis hitjo i ndap Jop.	Ɓa nligis hı̀cɔ i ndap Jɔ̌p.
Me nniñne man i kaga.	Mɛ̀ nniñne man i kagā.
Me mbedna bijek i ndap ñgii.	Mɛ̀ mbedna bı̀jɛk i ndap ŋgı̀ı̀.
Pele ndap.	Pele ndap.
A nléñél maok i libôndô.	À nléñél màɔ̀k i lı̀ɓòndo.
Kia lisoñ.	Kia lı̀sɔ̀ŋ.
Me ñoo manyuuñgana.	Mɛ̀ ŋ̀ɔ̀ɔ̀ manyuuñgana.
Bôt ba mok ba nsôl nye; pan yem i nsôl libôñgô.	Ɓòt ɓa mɔ̀k ɓa nsòl nyɛ; pân yɛ̂m i nsòl lı̀ɓòŋgò.
Yééne i miñoñ; yééne ane.	Yèènɛ i miñoñ; yèènɛ anɛ̀.
U ééha bañ nunu man, nyañ a yé i wom.	Ù ééha ɓâŋ nunu man, nyâŋ à yè i wɔ̌m.
Hihéga hi beegene yada: puhpus, bruwet.	Hihéga hi ɓɛɛ̄gɛnɛ yada: puhpus, bruwet.
Liyep li ntulus wip (bibéba bi mam) i loñ yés.	Lı̀yɛp li ǹtulus wı̌p (bibéba bi mam) i lɔ̀ŋ yes.
Me ñkahal bombol nye ni mbek .	Mɛ̀ ŋ̀kahal bombol nyɛ nı̀ m̂ɓɛk .
Ba ñkéna nye señgaseñga.	Ɓa ŋkēna nyɛ señgaseñga.
Ba nhue mim i soñ.	Ɓa nhūɛ mı̂m i sɔ̀ŋ.
Hiñgonda hini hi mbôône liwanda jé.	Hı̀ŋgɔ̀ndà hini hi mɓoonɛ lı̀wanda je.
A ñkon sôndôk i mbus.	À ŋkɔ̀n sôndôk i mbūs.
Jôy/jôl joñ le njee?	Jôy/jôl jɔŋ lɛ njɛɛ?
Mbénd i nsia nye.	Mbénd i nsia nyɛ.
Mbénd i nsia nye.	Mbénd i nsia nyɛ.
Kii u ntjiimbe hala?	Kii u ntjiimbe halà?
Lo kop me nyono.	Lɔ̀ kɔ̂p mɛ̀ nyɔ̀nɔ.
Ntida malép.	Ntida malep.
Kodoo soñ.	Kodoo sɔ̀ŋ.
Boñge ba ñéblana malép.	Ɓɔ̀ŋgɛ ɓa ñéblana malep.
homa a yé me munu i kôô waalôm	hɔ̀ma à yè mɛ̀ munu i kòò waalōm
[135]?	[135]?
hii mut a kôhôk kikii tel yéé	hii mùt à kohòk kı̀kı̀i tɛl yèe
Libebek ba mbep likondo li ñkwo béé.	Libebek ɓa mɓɛ̄p likɔ̀ndɔ̀ li ŋ̀kwɔ ɓee.
Bôô mut.	Ɓòò mût.
A nsumha me ték metama, tehe kii ba nsumha hisi.	À ǹsûmha mɛ̀ têk metama, tɛhɛ kı̀i ɓa ǹsûmha hisi.
Hiônde hi ñkwél .	Hı̀òndɛ̀ hi ŋkwêl .
Libémél li masiñ li gwéé bôt ba wip.	Libémél li ması̀ŋ li gwèe ɓòt ɓa wı̌p.
Bogdene ni kwade woñ.	Ɓɔ̀gdɛnɛ nı̀ kwadɛ wɔŋ.
Me nje bé bisuguu bi junuk.	Mɛ̀ njɛ̄ ɓe bisuguu bi junuk.
A nsééaha me loo, di nsééaha miñkok ñwés.	À ǹseeaha mɛ̀ lɔ̀ɔ, dı̀ ǹseeaha miŋkɔ̀k ŋwes.
Ñwaa wem a nsébél ñwet a ñgwal me le sôgôl.	Ŋwàà wɛ̂m à nsèbel ŋwɛ̀t à ŋgwāl mɛ̀ lɛ sogol.
Mut a nyééne hiindi .	Mùt à ńyèènɛ hiı̀ndi .
Bitamb gwéé bi nnyambi taptap.	Bitamb gwèe bi nnyambi taptap.
Libôñôl li bisel.	Libôñôl li bı̀sɛ̀l.
séñha i mboñ le nluñ flawa u nyep/nyep	sèŋha i mɓɔ̀ŋ lɛ nlùŋ flawa u nyep/nyep
Libolok joñ li sañ li ñéba le u yé mut ñkoñ.	Libolok jɔŋ li sàŋ li ŋēba lɛ u yè mùt ŋkɔ̀ŋ.
Me nnok le u nlék, asiya añ!	Mɛ̀ ǹnɔk lɛ u nlék, asiya àŋ!
Wek lo bôble le munu nlamb unu!	Wɛ̀k lɔ̀ bôble lɛ munu ǹlamb unu!
Kuduk njel.	Kùduk njɛ̀l.
Bihôn bi ta bé ñkoñ wem.	Bihôn bi ta ɓe ŋkɔ̀ŋ wɛ̂m.
Me mbodle biték ni hisoo.	Mɛ̀ mɓɔ̄dlɛ bı̀tèk nı̀ hisɔɔ.
Inyukii Nyambe a hégél mut?	Inyǔkı̄i Nyambɛ à hègel mut?
Saatan a yé ni mbok yosô.	Saatan à yè nı̀ mbɔk yɔ̀sô.
Libôdbak li man a nnañal.	Libôdbak li man à nnàŋàl.
Lihak li ñkôme i lép li ta bé lilam.	Lihak li ŋkòmɛ̀ i lep li ta ɓe lı̀lam.
Hinyodol hi gwéé mbôñgô joo.	Hinyodol hi gwèe m̂ɓoŋgo jɔ̀ɔ.
Ba kahal huñbene ñwet mbay (Mat.20,11).	Ɓa kahal huñbene ŋwɛ̀t mbāy (Mat.20,11).
Mudaa jém a ñômbôp.	Mùdàa jěm à ŋ̀ombòp.
A nlo kekela.	À nlɔ̀ kekela.
Leglene me ñwin.	Lɛglɛnɛ mɛ̀ ŋwı̀n.
Masôs ma tuye; matémb ma tuye.	Màsòs ma tuye; màtèmb ma tuyɛ̂.
Nunu mut a nyuuba.	Nunu mùt à nyuuba.
Kii i ntagbe?	Kii i ntagbe?
U tébha bañ me to kii, di ntébha nlélém mut.	Ù tébha ɓâŋ mɛ̀ tɔ̀ kii, dı̀ ntébha nlèlèm mût.
Ti me lita maok.	Ti mɛ̀ lita maɔ̀k.
Tehe kii a mbuumba ni matôm ma ndap.	Tɛhɛ kı̀i à mɓūumba nı̀ matōm ma ndap.
Ndék mañge me yik hana a ñkogi.	Ndèk màŋgɛ mɛ̀ yı̂k hana à ñkogi.
Bee bi mbahla.	Ɓɛɛ bi mbahla.
Me nlélél lép i môñgô.	Mɛ̀ nlēlel lep i mòŋgo.
Ibale u nsul bé nsoñ, u ñogba.	Iɓālɛ̄ u ǹsùl ɓe nsoñ, u ñogba.
Lindam li man.	Lı̀ndam li man.
Faara yem i ñkon.	Faara yɛ̂m i ŋkɔ̀n.
Dison di ñoñ munu mabap ma ndap.	Dı̀sɔ̀n dı̀ ŋ̀ɔŋ munu maɓāp ma ndap.
Bisahô bi biôbôs nye makôô.	Bisahô bi biôbôs nyɛ makòò.
Mañge a mbôlôl majô hiônde.	Màŋgɛ à m̂ɓolol màjò hiòndɛ̀.
Mapep moñ ma mbénda béé.	Mapɛ̄p mɔŋ ma mbèndà ɓee.
Mañge a nsôk (i) suglu.	Màŋgɛ à ǹsok (i) sǔglù.
Mudaa a mbuñgul hibee mpele.	Mùdàa à mbuñgul hı̀ɓɛ̀ɛ m̂pɛ̀lɛ.
Lumbe masay; podok me nnok?? (MLY).	Lumbe masay; pɔ̄dɔk mɛ̀ nnok?? (MLY).
Tomb yebiyebi.	Tomb yebiyebi.
Me bibénde bôt me mal téé bapubhaga, YÉS 13,3.	Mɛ̀ bibénde ɓòt mɛ̀ mâl tee bapubhaga, YÉS 13,3.
A nto ntook.	À nto ǹtɔ̀ɔ̂k.
Yom i ñkwél me.	Yɔ̌m i ŋkwêl mɛ̂.
Linya li bitôñ.	Lı̀nyà li bitòŋ.
A nnédés ñgandak hiônde.	À ǹnedēs ŋgàndàk hiòndɛ̀.
Ñgas i yé béñél i nuga bikay.	Ñgas i yè ɓèŋel i nugā bikay.
Kôa i gwéé hyémbi hi bijubul.	Koà i gwèe hyèmbi hi bijubul.
Banégél ba ntôl ha bé i len ini.	Banégél ɓa ntòl ha ɓe i lɛ̀n ı̀ni.
Di nnok mbimba mbebi.	Dı̀ ǹnɔk mbimbà mbɛ̀bi.
U jôha bañ me.	Ù jôha ɓâŋ mɛ̂.
Man muunlôm a hééba ñambi wé.	Mǎn muunlôm à heeba ñambi we.
Yuda a bitémb...i meni...ndik ni bihéñba (Yér 3,10).	Yudà à bitémb...i meni...ndik nı̀ bihéñba (Yèr 3,10).
Ñkandga ndap u ñkwo.	Ñkandga ndap u ŋkwɔ̂.
A mbép nye libay baññ!	À m̂ɓep nyɛ liɓay baññ!
Ndap yem i yé mbôô len!	Ndap yɛ̂m i yè mboo lɛ̀n!
Kôôt libadô.	Kôôt liɓàdò.
Kôôt libadô.	Kôôt liɓàdò.
Kôôt libadô.	Kôôt liɓàdò.
Nuga i nyugne i bel.	Nùga i nyugne i ɓɛl.
Leñ njom (Sôf 3,14).	Lɛ̀ŋ njɔ̀m (Sôf 3,14).
Hibi hi hyobi hi ntôl béé.	Hibi hi hyɔbı̄ hi ntòl ɓee.
Sugus nye i mbus nlôñ.	Sugus nyɛ i mbūs nlòŋ.
Ya, matôa moñ ma ñke bé loñge!	Ya, matoà mɔŋ ma ŋkɛ̀ ɓe lɔŋgɛ̂!
Bi bijek u ñkébél nye bi nhii nye	Bi bı̀jɛk u ŋkèbel nyɛ bi nhı̄i nyɛ
Lipôdôl li Yawé (Yahwéh).	Lı̀podôl li Yawè (Yahwéh).
Ñgéda mut nunu a béé man, a néñél i ndap majô méé ni majô méé a boy nye.	Ŋgèdà mùt nunu à ɓee man, à neŋel i ndap màjò mee nı̀ màjò mee à bɔ̂y nyɛ.
Umul me nye ndondok.	Umul mɛ̀ nyɛ ndɔ̀ndɔ̀k.
Nop a mbumblaha bés bijek ñgi kôôba.	Nɔ̌p à mbumblaha ɓes bı̀jɛk ŋgı̀ kôôba.
Me galélél we man tjôs.	Mɛ̀ galélél wɛ man cǒs.
Ñoo wés nunu.	Ñoo wês nunu.
Bôdaa ba mbéna pot diñgônôk.	Ɓòdàa ɓa mɓèna pɔt diñgônôk.
Bésna nye di ñkundha.	Ɓěsnà nyɛ dı̀ ñkundha.
Libanda li kôp li yé inyuu ñwet mbay.	Libanda li kop li yè inyùu ŋwɛ̀t mbāy.
A mam u yé mbôô?	À màm u yè mbôô?
A bikuñge nyum hyéé (MY 2,3).	À bikuñge nyum hyèe (MY 2,3).
Béhna we di nje homa wada.	Ɓěhnà wɛ dı̀ njɛ̄ hɔ̀ma wada.
A nlimis matôa.	À nlimis matoà.
Hinuni hi ñgwia i ñkama.	Hı̀nùni hi ŋ̀gwià i ñkama.
A yé nlam.	À yè ǹlam.
Pek mut a ñkil i ñgii key; pek biibe.	Pek mùt à ŋkı̀l i ŋgı̀i key; pek ɓı̀ı̀bɛ̀.
Mbabi i bee i ñwébla.	Mbàbi i bɛɛ i ñwébla.
Baa ha miñgwañ mi bôt bé ñwon mi ñkép bé, ba tuuak ki béé nyoo (i) kôdi? (Yak 2,6).	Ɓàa ha miñgwañ mi ɓòt ɓe ŋwɔn mi ŋkêp ɓe, ɓa tuuak ki ɓee nyɔ̀ɔ (i) kôdi? (Yàk 2,6).
Baa ha miñgwañ mi bôt bé ñwon mi ñkép bé, ba tuuak ki béé nyoo (i) kôdi? (Yak 2,6).	Ɓàa ha miñgwañ mi ɓòt ɓe ŋwɔn mi ŋkêp ɓe, ɓa tuuak ki ɓee nyɔ̀ɔ (i) kôdi? (Yàk 2,6).
Ndôñgi yem ini.	Ndôñgi yɛ̂m ı̀ni.
Bép nyo yéé i yémbi.	Ɓep nyɔ̀ yèe i yémbi.
Ha ñwaa le u yé ha.	Ha ŋwaa lɛ u yè hâ.
Béhna nye di mbébha makondo més.	Ɓěhnà nyɛ dı̀ m̂ɓêbha makɔ̀ndɔ̀ mes.
Kii u nsôbôl bijek?	Kii u ǹsobōl bijɛk?
A hééba sehe i kiñ.	À heeba sehe i kı̄ŋ.
Mut wada hana a ñgi yii nsude.	Mùt wada hana à ŋgı̀ yı̀i nsudɛ̂.
Mañge nunu a gwéé liséha.	Màŋgɛ nunu à gwèe liséha.
Tôle a mbômôl pôs.	Tòlɛ̀ à mɓomōl pōs.
Men me bitagal sô i put.	Mɛ̌n mɛ̀ bitagal so i put.
Hôghe nyuu .	Hôghe nyùu .
Éké! Kii u ñkôp ki me nsugi ni mbot! .	Éké! Kii u ŋ̀kop ki mɛ̀ nsugi nı̀ mbɔt! .
Nsôwa u nne ñgandak.	Nsôwa u nnɛ̀ ŋgandàk.
Tamba woñ a ñkôyôp.	Tàmba wɔŋ à ŋkòyòp.
Ñgwo i ôdi bémba kembe i mbus.	Ŋgwɔ i ôdi ɓèmba kɛmbɛ̂ i mbūs.
hana bisañ ni bôt	hana bı̀sàŋ nı̀ ɓòt
Libaga li hiñgwende.	Lı̀ɓàga li hiñgwende.
Liñgosi li nti bañga bibam.	Liñgosi li ǹti ɓàŋga biɓam.
Nyodna me gwaa ha!	Nyɔdnà mɛ̀ gwàà hâ!
Kii i ntulus we suglu?	Kii i ǹtulus wɛ sǔglù?
Hiñgugle hi mañge.	Hiñgugle hi maŋgɛ.
Binuga bi nje dibala.	Bı̀nùga bi njɛ̄ dibala.
Miñkôñ ñwada mi bikwo isi.	Mı̀ŋkòŋ ñwada mi bikwɔ̀ isı̄.
Kii u nyahlene me hala?	Kii u nyahlene mɛ̀ halà?
Me gatimbil i matôa.	Mɛ̀ gatimbil i matoà.
Hikaga hi ñke kékéndi .	Hikaga hi ŋkɛ̀ kékéndi .
Njel ini i ñap i ke i mbay.	Njɛ̌l ı̀ni i ŋàp i kɛ̀ i mbāy.
Lisuhul minsaa mi bagwelnson.	Lisuhul minsaa mi bagwelnson.
Bembep bisu bi bôt.	Bembep bisū bi ɓôt.
Yik mudaa ini i mboamboa mam.	Yik mùdàa ı̀ni i mboamboa mâm.
Bôdaa ba ntañal mañga.	Ɓòdàa ɓa ntañal maŋgà.
Sôkbôk njel.	Sôkbôk njɛ̀l.
Ñgandak nson i ntômbha.	Ŋgàndàk ǹsɔn i ntômbha.
Ñgandak njal kila!.	Ŋgàndàk njâl kilâ!.
Ñgim bôt i ñemel hi u.	Ŋgı̀m ɓòt i ñemel hi û.
Me nsômbôl nye kumul libadô.	Mɛ̀ nsòmbol nyɛ kùmul liɓàdò.
Malép ma gwéé bituñga.	Màlep ma gwèe bituñga.
Lisoñ li péé li ñwédél he we?	Lı̀sɔ̀ŋ li pee li ñwédél hɛ̀ wɛ̂?
Kii u mpot mayel hala?	Kii u mpɔ̄t mayel halà?
Lison man.	Lı̀sɔn man.
Siñmbañga i ñgwel bon ba kôp.	Siñmbañga i ŋ̀gwɛ̂l ɓɔn ɓa kop.
A mpumha me.	À mpumha mɛ̂.
Boñge ba nlébha mañgôlô.	Ɓɔ̀ŋgɛ ɓa ǹlebha mañgôlô.
Man nuu a ñandle(ne) nyoo ñgii nloñ.	Mǎn nuu à ñandle(ne) nyɔ̀ɔ ŋgı̀i nlɔ̄ŋ.
Nson wéé u biyéna.	Ǹsɔn wee u biyéna.
Ibale mut a sômblak jam ndi a nyegba ndigi a mbana jo, wee a «mbomop mbom tôle», inyuule a ñkôs jam he nson bé le a nsal. .	Iɓālɛ̄ mùt à sòmblak jàm ndi à nyegba ndigi à mbana jɔ, wɛ̀ɛ à «mbomop mbɔ̀m tôle», inyùulɛ̄ à ŋ̀kôs jàm hɛ̀ ǹsɔn ɓe lɛ à nsāl. .
Huluu makabô; huluu biték.	Huluu makabô; huluu bitèk.
U nhôôgene nje hiônde? .	Ù nhôôgene njɛ̄ hiônde? .
A gwéé bon batan.	À gwèe ɓɔn ɓatân.
Lipenlak jéé li mbot i tone.	Lipenlak jee li mbɔt i tɔnɛ̀.
Nunu mut a nnok bé to jam, a yé duñgel.	Nunu mùt à ǹnɔk ɓe tɔ̀ jâm, à yè duñgel.
Ñwemel u nhimbla.	Ŋwɛ̀mɛl u nhimbla.
Emble ndoñol i Bañga Nyambe (i) nyo (u) Pastô.	Emble ndoñol i Ɓàŋga Nyambɛ (i) nyɔ̀ (u) Pastô.
Gwom bi nimbii ni mbédgé.	Gwɔ̌m bi nimbii nı̀ mbēdge.
Haba bitamb gwoñ, di kenek!	Haba bı̀tamb gwɔŋ, dı̀ kenek!
Bôt ba ndim; ndim i yé kon.	Ɓòt ɓa ndim; ndim i yè kɔ̂n.
Mudaa a ñadbe nlôm!	Mùdàa à ŋādɓɛ nlom!
Lihañ li nyik.	Lihañ li nyik.
Njal i nyôdbaha nye hikii kel.	Njàl i nyôdbaha nyɛ hikı̀i kɛl.
Ñwet le Nyambe a ñkal le, Men me yé Alfa ni Ôméga, nu a yé, nyen a ba, nye ki nyen a nlo, Bayemlikok. (Mas 1,8).	Ŋwɛ̀t lɛ Nyambɛ à ŋkàl lɛ, Mɛ̌n mɛ̀ yè Alfà nı̀ Ôméga, nu à yè, nyɛn à ɓâ, nyɛ ki nyɛn à nlɔ̀, Bayemlikok. (Màs 1,8).
Hisi hi sép hi mbôô miñkegi.	Hı̀si hi sèp hi mboo miñkegi.
Bagwel likañ ba nti sadga.	Ɓàgwɛ̀l likàŋ ɓa ǹti sàdgà.
Lijôbôk joñ i mam li ñwéha nyuu.	Lijôbôk jɔŋ i màm li ŋ́wēha nyuu.
"Ibale baboñ béba ba nlop we" Biñ 1:10.	"Iɓālɛ̄ ɓaɓɔ̀ŋ ɓeba ɓa ǹlɔp wɛ̀" Ɓiŋ 1:10.
Kilô minyaga i ntémba nya i yé le u nla bé kaa.	Kilô minyaga i ntémba nyà i yè lɛ u nlà ɓe kaa.
Hyu hi nne nsugi ñgandak!	Hyu hi nnɛ̀ nsugi ŋgandàk!
Oñ hiua.	Ɔŋ hiua.
A nnagal wee liko li paa.	À nnagal wɛ̀ɛ liko li paa.
U baa bañ me! lép u mbaa jegi.	Ù ɓaa ɓâŋ mɛ̂! lep u mbàà jɛ̀gi.
Mut u nlo yuuga a ntip pam.	Mùt u nlɔ̀ yūugà à ntı̂p pam.
Beelene yem i makondo i nimil.	Beelene yɛ̂m i makɔ̀ndɔ̀ i nimı̂l.
Kiñe yés i mbuule bôt bobasô.	Kiŋɛ yes i mɓuulɛ ɓòt ɓɔɓasô.
A ntus hida hi lisaaga.	À ǹtus hı̀da hi lisaaga.
I ñgéda u nleñ ñgok i lép u témi u ntehe mindoñ mi ñke i ñgii malép.	I ŋgèdà u ǹlɛ̂ŋ ŋgɔ̀k i lep u témi u ǹtɛhɛ mindoñ mi ŋkɛ̀ i ŋgı̀i malep.
Kii ba ñôm me ndondok, homa nyuu a yila me hituruuturuu.	Kii ɓa ŋ̀om mɛ̀ ndondok, hɔ̀ma nyùu à yı̀là mɛ̀ hituruuturuu.
Kel kunde loñ i mbigdana hi ñwii.	Kɛl kùndɛ̀ lɔ̀ŋ i mbigdana hi ŋwı̀ı̀.
Map ma tabé nye.	Map ma taɓē nyɛ.
Bibôlôl bi mañ.	Bibôlôl bi mâŋ.
Me ntooge balal boñ le ba kil me i lép.	Mɛ̀ ntooge ɓàlàl ɓɔ̀ŋ lɛ ɓa kı̀l mɛ̀ i lēp.
Tôlô a mmal me mpék hiôn(d)e.	Tôlô à m̂mâl mɛ̀ mpek hiôn(d)e.
Kii u ntuñglene lép?	Kii u ntūŋglɛnɛ lēp?
Bihônd bi nteba bi mmal bôdôl.	Bihônd bi ǹtɛba bi m̂mâl ɓodòl.
Hibañ (hi) ñgok.	Hı̀ɓàŋ (hi) ŋgɔ̀k.
Tééda pék i bagal mam (Biñgéñgén 5:2a).	Teedà pêk i ɓagâl màm (Bı̀ŋgèŋgên 5:2a).
Bijok bi pagi.	Bijok bi pagi.
Mamuna ma kui ndomm (Éz 1,7).	Mamuna ma kuı̄ ndomm (Èz 1,7).
Jumbul li ségi i e.	Jumbul li ségi i ɛ̄.
Bini bijek bi mbahla.	Bini bı̀jɛk bi mbahla.
Matoonde ma hibee.	Matoonde ma hı̀ɓɛ̀ɛ.
Lihimbil li ñwemel li yé ndigi jada.	Lihimbil li ŋwɛ̀mɛl li yè ndigi jada.
Bas i nsoo.	Ɓas i nsɔ̀ɔ̀.
Me mbok dinyet ñkok (u) lién.	Mɛ̀ mbɔk dı̀nyɛ̀t ŋkɔ̀k (u) lien.
Bigwélél gwoñ bi yé bibe.	Bigwélél gwɔŋ bi yè bı̀ɓɛ.
Bijek bi nsoo bas.	Bı̀jɛk bi nsɔɔ̄ ɓâs.
Bagat ñkôô.	Bagat ŋkòò.
Mudaa a mbohba libii .	Mùdàa à mbohba lı̀ɓiı̂ .
Baa mambegee ma nlôñla matôa?	Ɓàa mambɛ̀gɛ̀ɛ̀ ma nlôñla matôa?
Nsôhôk (u) tuye; nhôlôk (u) tuye.	Nsôhôk (u) tuye; nhôlôk (u) tuyɛ̂.
Nsugut woñ u nnyôhna loñge munu lipondo.	Ǹsùgut wɔŋ u nnyôhna lɔŋgɛ munu lı̀pɔ̀ndɔ.
Yoñ nye (man kaat); je nyensô; (Mas.10,9).	Yɔ̌ŋ nyɛ (mǎn kaat); jɛ nyensô; (Mas.10,9).
A nnyiine me masoñ.	À nnyiine mɛ̀ màsɔ̀ŋ.
Nyo wéé u nyon ni ndiihe ni mandon ni nhyamba; mañgañga ni béba ba nyééne isi hilémb hyéé. (Ps 10,7).	Nyɔ̀ wee u ńyɔn nı̀ ndiihe nı̀ mandon nı̀ nhyamba; màŋgàŋga nı̀ ɓeba ɓa ńyèènɛ isı̄ hilémb hyee. (Ps 10,7).
Di ntéé bisane i ñwaa (u) ñkoñ.	Dı̀ ǹtee bisane i ŋwaa (u) ŋkɔ̀ŋ.
Mut wip a mpémél me nyeeñ.	Mùt wı̌p à mpēmel mɛ̀ nyeeñ.
Noode pala témb i suglu.	Noode pala têmb i sǔglù.
Ñkôô woñ u nhudla.	Ŋ̀kòò wɔŋ u nhudla.
Ñkok u mbet môga.	Ŋ̀kɔ̀k u m̂ɓɛt môga.
Dibee tjés di mbéhlaha.	Dı̀ɓɛ̀ɛ̀ ces dı̀ mbéhlaha.
Kép mut ni nson.	Kèp mùt nı̀ ǹsɔn.
Néñha mut i hééba ñkanda.	Neŋha mùt i heeba ŋkanda.
Mut wip a mbôk ndap.	Mùt wı̌p à m̂ɓok ndap.
Ñgola mot.	Ñgola mɔ̄t.
Hikoo hi mbok .	Hikoo hi mbɔk .
A nsumble kôndôm.	À nsumble kôndôm.
Lileñek joñ li mpan; lileñek jéé li ñgaa;	Lı̀lɛŋɛ̂k jɔŋ li mpan; lileñek jee li ŋgaa;
Himaña hi mañge.	Hı̀maŋa hi maŋgɛ.
Yôñôl me ñgond nyaga...ni ñin kembe..., ni bép ntômba, ni kuku, ni lélés hibeñ (Bib.15,9).	Yòŋol mɛ̀ ŋgɔ̀nd nyàgà...nı̀ ŋ̀in kɛmbɛ̂..., nı̀ ɓep ntomba, nı̀ kukû, nı̀ lelês hiɓɛ̀ŋ (Bib.15,9).
Lisok li nyik, lisok li ñgômb.	Lı̀sɔk li nyik, lisok li ŋgòmb.
Lisok li nyik, lisok li ñgômb.	Lı̀sɔk li nyik, lisok li ŋgòmb.
Joñ li nyilis nye ñkôt.	Jɔ̌ŋ li ǹyilı̄s nyɛ ŋkot.
Sundle me ñkôô unu.	Sundle mɛ̀ ŋ̀kòò unu.
Ndiô i mbay me i ñgii nyaañga Malume.	Ndı̀ò i mbāy mɛ̀ i ŋgı̀i ńyààŋgà Malume.
A ntelbene i ñgii nañ.	À ntelbene i ŋgı̀i nàŋ.
Nyañgô yem ini.	Nyàŋgo yɛ̂m ı̀ni.
Me biéñés ntet.	Mɛ̀ biēŋes ǹtɛ̀t.
Njap u nti bikék bilam.	Njàp u ǹti bikek bilam.
Balop tjobi ba nha nsôñ i lom.	Balop cɔbı̄ ɓa ǹha ǹsôŋ i lɔ̂m.
Jéan Bikôgôô a ñkôt hisigô (asikô)!	Jean Bı̀kògoo à ŋkòt hisigô (asikô)!
Me mbônbene nye le me ti nye kaat.	Mɛ̀ mɓōnɓɛnɛ nyɛ lɛ mɛ̀ ti nyɛ kààt.
A nliga le a ñkôle bé me moni.	À nliga lɛ à ñkôle ɓe mɛ̀ mɔ̀ni.
A yé bôk mut.	À yè ɓok mût.
A yé bôk mut.	À yè ɓok mût.
Kamél i yé Égiptô.	Kamél i yè Égiptô.
Lipahal bibéba; mabe yak pada.	Lipahal bibéba; màɓɛ yak padà.
Ini yom le bup hiuu i nyiba ha bé i pes yés mbok.	Ini yɔ̌m lɛ ɓûp hiuu i ńyı̄ba ha ɓe i pɛ̀s yes mbɔk.
Mbamak (u) man munlôm.	Mbamak (u) man mùnlom.
Mpôs loo.	Mpôs lɔɔ̄.
Mbiñg i ñkwo bé nso.	Mbiñg i ŋ̀kwɔ ɓe ǹsɔ.
Séya yé i mbôô.	Seya yè i mɓoô.
Kii me nlôôs kégse, me kôs ñgim baskô kii bom.	Kii mɛ̀ ǹloōs kêgsɛ̀, mɛ̀ kôs ŋgı̀m baskò kı̀i ɓɔ̀m.
A gwéé ñgandak bibebela i mbééga yéé.	À gwèe ŋgàndàk bibebela i mbēega yeē.
Libénde bôt nson.	Liɓendɛ̀ ɓòt ǹsɔn.
Siyna banyandôm boñ mbot.	Siyna ɓanyàndom ɓɔ̀ŋ mbɔt.
Bôdaa ba nhem dilélé.	Ɓòdàa ɓa nhɛ̄m dilélé.
Libadô li hul mim.	Lı̀ɓàdò li hul mı̂m.
Ak yem i mbugi len (i) ñgéda nson.	Ak yɛ̂m i mɓugı̂ lɛ̀n (i) ŋgèdà ǹsɔn.
Ba ntibil njee lôñni libaba.	Ɓa ntı̄bil njɛɛ lòŋnı̀ libaba.
Kaô i njéba ñgandak munu i bésni.	Kaò i njēba ŋgàndàk munu i ɓěsnı̄.
Ñgandak bôt i nyi libôgbaga li ñgond ini.	Ŋgàndàk ɓòt i ńyı̄ libôgbaga li ŋgɔ̀nd ı̀ni.
Nnigil a kal Yésu le me ganoñ we to hee u ñke.	Ǹnigı̂l à kâl Yesù lɛ mɛ̀ ganoñ wɛ tɔ̀ hɛɛ u ŋkɛ̀.
Bitan u kônde yada a yé bisamal.	Bitan u kônde yada à yè bisamàl.
Malét kôa a ntubha me hyémbi; di ntubha mapondo.	Màlêt koà à ntubha mɛ̀ hyembi; dı̀ ntubha màpɔ̀ndɔ.
Liat libii.	Lı̀àt lı̀ɓiı̂.
Kidik kék; kidik mbok.	Kidik kék; kidı̂k mbɔk.
Mbék nnañga a ñke lijo.	Mbék nnañga à ŋkɛ̀ lijo.
Hilôba hi nlañ.	Hı̀lòbà hi nlàŋ.
Mudaa lilok a nlegep libay li bôt.	Mùdàa lı̀lɔk à nlegep liɓay li ɓôt.
Mel ndap.	Mɛ̀l ndap.
Bajañ saay a mpot ñgandak, a sehlaga ki.	Bajañ saay à mpɔ̄t ŋgandàk, à sehlaga kı̀.
Me yéne hana len i ndap.	Mɛ̀ yenɛ̀ hana lɛ̀n i ndap.
Bonge ba nnundha me liwanda jem; ba nnundha me njel.	Ɓɔ̀ngɛ ɓa ǹnundha mɛ̀ lı̀wanda jem; ɓa ǹnundha mɛ̀ njɛ̀l.
Njal i ñwééha me bôlô; di ñwééha nson.	Njàl i ŋ́weeha mɛ̀ ɓòlo; dı̀ ŋ́weeha ǹsɔn.
Libadô jem li yé lilam.	Lı̀ɓàdò jɛ̂m li yè lı̀lam.
Di ntindne mut kak, a kônha bés maséé.	Dı̀ ntindne mùt kak, à kònha ɓes masee.
Bandééñga ba gwéé kék inyuu kégi.	Bandééñga ɓa gwèe kek inyùu kégi.
Bipôdôl bi mut gwon bi nyis libak jéé.	Bipôdôl bi mùt gwɔn bi ńyı̄s lı̀ɓâk jee.
Junuk li yé suguu ba nje.	Junuk li yè sùgùù ɓa njɛ̄.
Yi i nhañ nye.	Yi i nhāŋ nyɛ.
Nunu mudaa bo nlôm ba ntjélna.	Nunu mùdàa ɓɔ ǹlom ɓa ntjélna.
Man a ntjimbe ñgandak len.	Mǎn à ntjimbe ŋgàndàk lɛ̀n.
Linjuga li kundi.	Linjuga li kundi.
Ñoñ lisege; ñoñ ñgok; ñoñ sol.	Ñoñ lisege; ŋ̀ɔŋ ŋgɔ̀k; ŋ̀ɔŋ sol.
Lileegege jéé li bakén li ñkônha maséé.	Lileegege jee li ɓàkèn li ŋkònha masee.
Liwanda joñ li ñkahal bihle we.	Lı̀wanda jɔŋ li ŋ̀kahal bihle wɛ̂.
A nhôdbene me mañge ni jomol; binuga bi nhôdbene miba.	À nhôdbene mɛ̀ màŋgɛ nı̀ jomol; binùga bi nhôdbene miba.
Ñgand i ñkahal hodol.	Ŋgànd i ŋ̀kahal hodol.
Mañge a ñkwee mis.	Màŋgɛ à ŋ̀kwɛɛ mı̌s.
Me nje me nuu.	Mɛ̀ njɛ̄ mɛ̀ nuu.
Jin li ñgwela manyii.	Jin li ŋgwɛ̀la manyii.
Kiya lisoñ.	Kiya lı̀sɔ̀ŋ.
Nyemb i lép i mbés bôdaa ok i lom.	Nyɛ̌mb i lep i mbés ɓòdàa ɔ̄k i lɔ̂m.
Kel i nheyi! kel i ñkandi.	Kɛl i nheyi! kɛl i ŋ̀kandı̂.
Bilem gwéé bibe bi ntjiha ñgim ñkoñ.	Bı̀lɛm gwèe bı̀ɓɛ bi ntjiha ŋgı̀m ŋkɔ̀ŋ.
Bôt bana ba biyumha.	Ɓòt ɓana ɓa biyumha.
Men me ñkom hana!	Mɛ̌n mɛ̀ ñkom hana!
Sudman i mband pagi kwade ño.	Sûdmàn i m̂ɓand pagı̄ kwadɛ ŋɔ.
Be wéé u yé kon!	Be wee u yè kɔ̂n!
Ñgim binuga i nhyôm ndigi bibaa bibaa (kikii nsiñ nyoo).	Ŋgı̀m binùga i nhyōm ndigi biɓaà biɓaà (kikii nsı̄ŋ nyoo).
Tjôñ tjés di yé dihindi.	Còŋ ces dı̀ yè dihindi.
Makabô ma ntôl ha bé hisi basaa.	Màkàbò ma ntòl ha ɓe hisi ɓàsàa.
Jôjô mut.	Jôjô mût.
Inyukii u nyuyuu man woñ?	Inyǔkı̄i u nyuyuu man wɔ̂ŋ?
Sañgô a ñañal minhyômôk ñwéé i loñ bakana.	Saŋgo à ŋāŋal minhyōmok ŋwee i lɔ̀ŋ ɓakana.
Yuglene me soso nsôn nuga.	Yuglene mɛ̀ sɔsɔ̄ ǹsòn nugā.
kôkôa i ñgéda hugbe.	kòkoa i ŋgèdà hùgɓɛ̀.
Biték (gwa) bi gapémhene ki we biloo ni njôm (Bib.3,18).	Bı̀tèk (gwa) bi gapēmhɛnɛ ki wɛ bı̀lɔ̀ɔ nı̀ njôm (Bib.3,18).
Biték (gwa) bi gapémhene ki we biloo ni njôm (Bib.3,18).	Bı̀tèk (gwa) bi gapēmhɛnɛ ki wɛ bı̀lɔ̀ɔ nı̀ njôm (Bib.3,18).
Biték (gwa) bi gapémhene ki we biloo ni njôm (Bib.3,18).	Bı̀tèk (gwa) bi gapēmhɛnɛ ki wɛ bı̀lɔ̀ɔ nı̀ njôm (Bib.3,18).
Ñwom mi maén mi téé ni miñkôñga.	Ŋwɔ̀m mi màen mi tee nı̀ miñkôñga.
A nhuuna ñgandak bijek.	À nhuuna ŋgàndàk bijɛk.
A mbugle me mbôndô yada.	À mbugle mɛ̀ mbòndo yàda.
A nnit ñgôli i bôbôk.	À nnı̀t ŋgoli i ɓòbôk.
A nségbaha kék i e.	À nségbaha kek i ɛ̄.
"Yak Kibispandi ni Mbénhônd ba gabéyés ha béé mapubi map..."Yés. 13,10.	"Yàk Kı̀bı̀spandi nı̀ Mbênhond ɓa gaɓèyes ha ɓee mapūbi map..."Yés. 13,10.
Soñgol ñgaa.	Soñgol ŋgaa.
Sañal njel.	Sañal njɛ̀l.
Kembe i mbua.	Kɛmbɛ̂ i m̂ɓua.
Lôs yoñ i tane bé bôt bobasô!	Los yɔŋ i tanɛ̀ ɓe ɓòt bobasô!
Likaak joñ li ñéba le u yé bitembee.	Likaak jɔŋ li ŋēba lɛ u yè bı̀tɛmbɛɛ.
Ba nhilil me loo hinoo hi kôô.	Ɓa nhilil mɛ̀ lɔ̀ɔ̀ hı̀nɔ̀ɔ hi kòò.
A ntulha me bibôô bi miba; di ntulha miba.	À ntulha mɛ̀ bı̀ɓòò bi miba; dı̀ ntulha miba.
Me yé maséé; me ñkon maséé.	Mɛ̀ yè maséé; mɛ̀ ŋkɔ̀n masee.
Njee a téé i pañ yem?	Njɛɛ à tee i pāŋ yɛ̂m?
Mut nunu a mbabbana yak man wéé.	Mùt nunu à mbabbana yak man wee.
Mañge munlôm nunu a nsal ñgandak.	Màŋgɛ mûnlom nunu à ǹsal ŋgandàk.
Ñgwa yem a bijuba.	Ŋgwà yɛ̂m à bijuba.
Mañge a nsulul me.	Màŋgɛ à ǹsulūl mɛ̂.
Bole i bédi kaô i ñgii litut.	Ɓɔlɛ̂ i ɓèdi kaò i ŋgı̀i litūt.
Ba bibôdlaha suglu.	Ɓa bibôdlaha sǔglù.
Ntelep liwindi.	Ntelep liwindi.
Nyuñge loñ yem i gwéé bilañ biaa: kwem, kôyôp, njoy ni hyôdôt ññemkédé.	Nyùŋgɛ̀ lɔ̀ŋ yɛ̂m i gwèe bı̀làŋ biaa: kwem, kôyôp, njoy nı̀ hyòdot ññemkédé.
Yérémia a bé man prisi yada le Hilkiya.	Yerèmià à ɓe man prı̂sı̀ yada lɛ Hilkiya.
Hee u nhuune malañ moñ?	Hɛɛ u nhuunɛ malàŋ moñ?
A nsindil kôô u walôm.	À nsindil kòò u walōm.
Éña i ñét.	Eŋa i ñét.
Jay li yé loñge bibil banjemje.	Jǎy li yè lɔŋgɛ bibil ɓànjɛ̌mjɛ̀.
A ññwéhha me malép i ndap simet, di ññwéhha malép i ndap.	À ññwéhha mɛ̀ màlep i ndap simet, dı̀ ññwéhha màlep i ndap.
Wen u ntindha me mana matôa.	Wɛ̌n u ntindha mɛ̀ mana matoà.
Bôdaa ba nnobol matebel.	Ɓòdàa ɓa nnobol matɛ̄bɛ̂l.
Ele wee u gwéé ñguy tinde ñkok unu!	Ɛlɛ wɛ̀ɛ u gwèe ŋgùy tindɛ ŋkɔ̀k unu!
Ñgôy mbay i yé mahindi; ñgôy bikay i mbôk wom.	Ŋgǒy mbāy i yè màhindi; ŋgôy bı̀kay i m̂ɓok wɔ̌m.
Bôt ba njagi ba nlegna moo.	Ɓòt ɓa njagı̄ ɓa nlegna mɔ̀ɔ.
Lipubi li kel.	Lı̀pubi li kɛl.
Me nlo i weni.	Mɛ̀ nlɔ̀ i weni.
A nléhi libum.	À nléhi liɓùm.
Biloñ bi ntjéna gwo ni gwo.	Bı̀lɔ̀ŋ bi ntjéna gwɔ nı̀ gwɔ.
A nnôgbaha me i titimba; di nnôgbaha malép masuni.	À nnôgbaha mɛ̀ i titimba; dı̀ nnôgbaha màlep màsuni.
Hee u mbadne moni nu u gwéé?	Hɛɛ u mbadne mɔ̀ni nu u gwéé?
Me nsôma we.	Mɛ̀ ǹsomā wɛ̂.
Bédél me malét kaat minsoñgi a bibôn me.	Bédél mɛ̀ malêt kààt mı̀nsɔ̀ŋgi à bibôn mɛ̂.
Mabadô ma ñgi yoo.	Màɓàdò ma ŋgı̀ yoo.
Me mbéndi boñge nson.	Mɛ̀ mbéndi ɓɔ̀ŋgɛ ǹsɔn.
Toñ nyaga i yé hémél i masak ma bausa.	Tɔŋ nyàgà i yè hémél i màsak ma ɓàusa.
Kôp yobaa i ñwo.	Kop yobaa i ŋwɔ.
Njee a nlégbaha we bisu bi baane?	Njɛɛ à nlégbaha wɛ bisū bi baane?
Lôômba ñkaa.	Lôômba ŋkaa.
Ñkwade lisee a nhoo ñgandak.	Ŋ̀kwadɛ lisɛɛ̂ à nhɔ̄ɔ ŋgandàk.
Mudaa nunu a hééba dibanda .	Mùdàa nunu à heeba dibanda .
Mañge a ñkek kômôl.	Màŋgɛ à ŋ̀kɛk komôl.
Ti i tén.	Ti i ten.
Ti i tén.	Ti i ten.
Alôdñgas wem a nnôlôl me jôga li nyik.	Alôdñgas wɛ̂m à nnòlol mɛ̀ jogà li nyik.
Ndodi i yé me i tuñ (tuum??).	Ndodi i yè mɛ̀ i tùŋ (tuum??).
Bép kembee i numb manañ.	Ɓep kɛmbɛɛ̀ i nûmb manañ.
A nyubdaha me minsoñgi.	À nyubdaha mɛ̀ mı̀nsɔ̀ŋgi.
Minleem mi nsénda.	Mı̀nlɛ̀ɛ̂m mi nsénda.
Mut nunu a nyi nson, ndi a mbuuha.	Mùt nunu à ńyı̄ ǹsɔn, ndi à mbuuha.
Liôô li ñkon ndigi bôt ba nhaa.	Liôô li ŋkɔ̀n ndigi ɓòt ɓa nhaa.
Ini tôtô i njéba ni mbôñ.	Ini tôtô i njēba nı̀ m̂ɓòŋ.
Kwet mut pem ni su.	Kwet mùt pɛm nı̀ su.
Miñgé mi bé himil boñge ni bôdaa.	Mı̀ŋgê mi ɓe himil ɓɔ̀ŋgɛ nı̀ ɓodàa.
A nnok nlegla wem e?	À ǹnɔk nlegla wɛ̂m ɛ?
Nhombok u libam won me nténdél minlôñ.	Nhombok u liɓam wɔn mɛ̀ nténdél mı̀nlòŋ.
Me mpôdba loñge nsôn nuga.	Mɛ̀ mpôdba lɔŋgɛ ǹsòn nugā.
Matuge ma Yésu.	Matuge ma Yesù.
A nsane hiuye .	À ǹsanɛ hiuye .
Bada lipep li!	Ɓada lı̀pɛp lı̂!
Nyum u gwéé ñgandak bilañ; nyum u nsék.	Nyum u gwèe ŋgàndàk bilañ; nyum u nsék.
Mbom be i nnoñ me.	Mbɔ̀m ɓɛ̄ i nnɔ̀ŋ mɛ̂.
Hee me sehlene we?	Hɛɛ mɛ̀ sehlene wɛ̂?
Tumb i hiloga; tumb i hiñgonda.	Tumb i hilɔga; tumb i hiŋgɔ̀ndà.
Ntik mut.	Ntik mût.
Bôt ba nsanda.	Ɓòt ɓa nsàndà.
Mut nunu a yé nsanda kiiyaga.	Mùt nunu à yè nsandā kiiyaga.
Me nsuhul i likala.	Mɛ̀ nsùhul i lı̀kàlà.
A ñkon dikola.	À ŋkɔ̀n dikɔlâ.
I kose me mbéna ba i téblé, ndi i kose juu me mbéna ba i nañ.	I kɔ̀sɛ̀ mɛ̀ mɓèna ɓa i têblè, ndi i kɔ̀sɛ̀ jùu mɛ̀ mɓèna ɓa i nàŋ.
Bibumblene gwem bini .	Bibumblene gwɛ̂m bini .
Mañ mut u mbañgal mbok.	Maŋ mùt u mɓāŋgal mbɔk.
Bikat bi mbôñ.	Bikat bi m̂ɓòŋ.
"Ñgii i yé mbedek i ñgii" Hyém 103:11.	"Ñgii i yè mbedek i ñgii" Hyèm 103:11.
Di nségél i ndap ñgand.	Dı̀ nségél i ndap ŋgànd.
Hundul masu (bisahô).	Hùndùl màsu (bisahô).
Hyañgaa hi nyamba.	Hyàŋgaa hi nyamba.
A mbaale me mis.	À mbaale mɛ̀ mı̌s.
Mut nu a ñagre.	Mùt nu à ñagre.
"Hitendi hyada to liton jada ba ganyodi bé munu mbén" (Mat.5,18)	"Hı̀tɛ̀ndı̀ hyada tɔ̀ lı̀tɔn jada ɓa ganyɔ̄di ɓe munu mbén" (Mat.5,18)
Téédana me liboho li mat	Teedana mɛ̀ liboho li mat
Libulus ñkus li yé nseñ inyuu ñgim loñ bôt .	Libulus ŋkùs li yè ǹsɛŋ inyùu ŋgı̀m lɔ̀ŋ ɓòt .
Likôga li bibôha yani.	Lı̀kòga li bibôha yàni.
"Ñgéda hyôa (hi) mbebi i ntagbe, béba mut i ta ha bé"Biñgéñgén 10:25.	"Ŋgèdà hyòa (hi) mbɛ̀bi i ntagɓɛ̀, ɓeba mùt i ta ha ɓe"Bı̀ŋgèŋgên 10:25.
Ndamb yem i nnyambi.	Ndàmb yɛ̂m i nnyambi.
Kaakaga a mmal matjee ma kôp.	Kaakaga à m̂mâl macɛ̀ɛ ma kop.
Sitima i bitjak Lihala.	Sı̀timà i bitjak Lihala.
Hiyôn hi ñgwela lihep.	Hı̀yòn hi ŋgwɛ̀la lı̀hɛp.
Njéé i njena; basaa ba njena kii tjobi.	Njèe i njena; ɓasàa ɓa njɛ̄na kı̀i cɔ̀bi.
Me ñkôs ñkén.	Mɛ̀ ŋ̀kôs ŋ̀kèn.
Mut mbu mbe a nhyôm hana!	Mùt mbū mɓɛ̄ à nhyōm hana!
Minsemek mi bôt.	Minsemek mi ɓôt.
Jôy lini li ñadbene nye minjôha.	Jòy lini li ñadbene nyɛ minjôha.
Kaat biyeelene.	Kààt biyeelene.
Ti me kégél yem i bie .	Ti mɛ̀ kégél yɛ̂m i biɛ .
Me bikwo kégse yem i bisu.	Mɛ̀ bikwɔ̀ kêgsɛ̀ yɛ̂m i bı̀su.
Me mpam i mbédgé; me mpam hanano i tison.	Mɛ̀ mpām i mbédgé; mɛ̀ mpām hānânɔ i tı̄sɔ̀n.
Nana bitôdô.	Nana bitòdò.
Jôôga li hinuni.	Jòòga li hinùni.
Me mmal bahbas.	Mɛ̀ m̂mâl ɓàhɓàs.
"Mandon moñ ni mbihla yoñ bon ba bé yumus we" Yés 47:10.	"Màndɔn mɔŋ nı̀ mɓı̀hla yɔŋ ɓɔn ɓa ɓe yumūs wɛ̀" Yès 47:10.
Nlôm pagi a nnyodi le huum, a jôp bikay .	Ǹlom pagı̄ à nnyɔ̄di lɛ huum, à jôp bı̀kay .
U nsédne me ño.	Ù nsédne mɛ̀ ŋɔ.
A ñkémhe i jam me mpot.	À ñkémhe i jàm mɛ̀ mpɔ̄t.
Hinuni hi yé jumbul hyotama.	Hı̀nùni hi yè jumbul hyotama.
Ndap i nlék.	Ndap i nlēk.
Hyandi hyéé; i hyéé .	Hyàndi hyéé; i hyèe .
Bina ba mbôlô yem, kôp yem.	Bina ɓa mbôlô yɛ̂m, kop yɛ̂m.
A nlup man môô.	À nlup man moo.
U yé ñgi hôlôl nañ.	Ù yè ŋgı̀ holol nàŋ.
Nsoñ a ntek ñkéés.	Ǹsɔŋ à ntɛ̄k ñkéés.
Mbombok a ñkan mut manola (kénés).	Mbɔmbɔ̀k à ŋ̀kan mùt manola (kénés).
Ba ñkénél mut i dokta.	Ɓa ñkénél mùt i dɔ̂ktà.
Libuba li kôp.	Libuba li kop.
A nlôl bijek gwéé.	À nlòl bı̀jɛk gwee.
Kii u ñkumul me mbus.	Kii u ŋkùmul mɛ̀ mbūs.
Mban lop, mban amb.	Mban lɔ̄p, m̂ɓan amb.
Lek hibee.	Lɛk hı̀ɓɛ̀ɛ.
Héhél me tjandi tjem.	Héhél mɛ̀ candi tjem.
Mut bibéba bi mam a nsegel.	Mùt biɓeba bi màm à nsegel.
Litol bibañga.	Lı̀tɔl bibañga.
Ñgéñgéhi dikôa di ntôl i loñ jaman.	Ñgéñgéhi dikòa dı̀ ntòl i lɔ̀ŋ jamân.
Me nhyôlôl nye ndap.	Mɛ̀ nhyolol nyɛ ndap.
Kônde a yé nsoñgi u nlet bé.	Kòndɛ à yè ǹsɔ̀ŋgi u nlɛ̀t ɓe.
Me ni liwanda jem di bisôblaha.	Mɛ̀ nı̀ lı̀wanda jɛ̂m dı̀ bisôblaha.
Me ni liwanda jem di bisôblaha.	Mɛ̀ nı̀ lı̀wanda jɛ̂m dı̀ bisôblaha.
Lés jéunés fillés ônt tréssé léurs tjhévéux én mémé témps.	Lés jéunés fillés ônt tréssé léurs tjhévéux én mémé témps.
mbuge jam.	mbuge jàm.
Me nhihe nye woo.	Mɛ̀ nhihe nyɛ wɔ̀ɔ.
Ñkadak likondo u nhék nye libit.	Ŋ̀kadâk likɔ̀ndɔ̀ u nhek nyɛ liɓı̄t.
Bijek bi mmal dibee fetfet.	Bı̀jɛk bi m̂mâl diɓɛ̀ɛ fɛtfɛt.
Hon kila me ntehe !	Hɔ̀n kilâ mɛ̀ ǹtɛhɛ !
Me mbôñe we.	Mɛ̀ mɓōŋɛ wɛ̂.
Lahe yem i yé hee?	Lahɛ yɛ̂m i yè hɛɛ?
ini a bé hañ bé ni tima ndoga i kiisin yéé .	ı̀ni à ɓe haŋ ɓe nı̀ tima ndoga i kı̄isı̀n yèe .
Léndés me kaat ini.	Léndés mɛ̀ kààt ı̀ni.
Ñkôm u nhuua .	Ŋ̀̀kom u nhuua .
Koo i édi i kék.	Kɔ̀ɔ̀ i edi i kek.
Ba ntjañge moni.	Ɓa ntjañge mɔ̀ni.
Me mbel kôñba lilañ i mbaa ndap yem.	Mɛ̀ mɓɛ̀l kôñba lilàŋ i mbàà ndap yɛ̂m.
Bôdaa ba mbéna bôñôl mabôda inyuu tabal bon.	Ɓòdàa ɓa mɓèna ɓoŋōl mabôda inyùu tabal ɓɔn.
"Kaaba i mut a nnoñ maliga".	"Kaaba i mùt à nnɔ̀ŋ maliga".
Kon njal, kon ñgoo, kon woñi, kon ñgôñ.	Kɔ̀n njal, kɔ̀n ñgoo, kɔ̀n wɔŋi, kɔ̀n ŋgôŋ.
Njôñ i yé béba lem.	Njòŋ i yè ɓeba lem.
Hiloga hyoñ hi yé hikôghe .	Hı̀lɔga hyɔŋ hi yè hikôghe .
Wo mahiha.	Wɔ mahiha.
Mbok mbôgi; mbok dinyet.	Mbɔk mbôgi; mbɔk dinyɛ̀t.
Me mbôñôs nson.	Mɛ̀ mbôñôs ǹsɔn.
Inyukii u ñgwel nye?	Inyǔkı̄i u ŋ̀gwɛ̂l nyɛ?
Kii u mbômbana?	Kii u mbômbana?
Likap li yé lem lam.	Lı̀kap li yè lɛ̄m lam.
Kôsi i mpéba i ñwii.	Kôsi i mpèbà i ŋwı̀ı̀.
Libañge li me nsomb li mmal.	Libañge li mɛ̀ ǹsɔmb li mmâl.
Téblé yem i gwéé bikônda bina.	Teblè yɛ̂m i gwèe bikònda bina.
Lisañ lini jon me nlôl.	Lisañ lini jɔn mɛ̀ ǹlôl.
Yén ikédé yés, le ndi mbuu wés, nom yés ni nyuu yés ba gwélél we nya i téé, ndi ba téé ki jôy joñ lipubhaga...	Yěn ikède yês, lɛ ndi mbuu wěs, nɔ̀m yes nı̀ nyùu yes ɓa gwèlèl wɛ nyà i téé, ndi ɓa tee ki jòy jɔŋ lipubhaga...
So ñgok, baso ba ñgok.	Sɔ ŋgɔ̂k, ɓàsɔ ɓa ŋgɔ̀k.
Libohok lini mudaa nunu a mbos we u nla kônd jék.	Libohok lini mùdàa nunu à mbos wɛ u nlà kond jék.
At mabadô, at mahoñol.	Àt mabadô, at màhɔŋɔ̂l.
Kindle me hibee hini.	Kindle mɛ̀ hı̀ɓɛ̀ɛ hini.
Bakwede ba nne nsoot.	Bakwede ɓa nnɛ̀ nsoot.
U nsôk suglu, di nsugha i mitin.	Ù ǹsok sǔglù, dı̀ nsugha i mı̄tı̀n.
Lehep sôya = ndehep séya.	Lehep soyà = ndehep seya.
Me nyon; ñkuu u nyon.	Mɛ̀ nyon; ŋ̀kuu u ńyɔ̂n.
Kinje mañge mudaa a nlogop!	Kinjɛ̄ màŋgɛ mùdàa à nlogop!
U ôbôs bañ me kilok.	Ù òbos ɓâŋ mɛ̀ kı̀lɔ̂k.
Ñwemel u ñkwéhba.	Ŋwɛ̀mɛl u ŋkwehɓà.
Kakaô a biumbba ñgandak i ndap.	Kàkaò à biumbba ŋgàndàk i ndap.
Me mbañdana ndigi ni ntoñ.	Mɛ̀ mbañdana ndigi nı̀ ntɔŋ.
Libôñgôl li man li ta bé bun.	Libôñgôl li man li ta ɓe ɓûn.
Lona me bihule gwem.	Lɔ̀na mɛ̀ bihule gwɛ̂m.
Bina ngélé ba.	Bina ngélé ɓâ.
Di ñkwiiha miñkuu ñwés.	Dı̀ ŋ̀kwiı̄ha miñkuu ŋwes.
Siñgi i ñgwel tôle.	Siŋgi i ŋ̀gwɛ̂l tolɛ̀.
A nsôô liek li yé nye i nyo.	À ǹsòò liek li yè nyɛ i nyɔ̀.
I su nyen a ntonbana libu.	I su nyɛn à ntonbana lı̀ɓu.
Bañga bañga.	Ɓàŋga ɓàŋga.
Habna yem i bitamb i m[244]bugi .	Habna yɛ̂m i bı̀tamb i m[244]bugi .
U hegba bañ yañan mbot.	Ù hɛ̂gɓa ɓâŋ yàŋan mbɔt.
Ntômde mut.	Ntômde mût.
Ntômde mut.	Ntômde mût.
Pat mut.	Pat mût.
Mut a ñkala ni hiun.	Mùt à ñkala nı̀ hı̀un.
Me nsiiba nyoo.	Mɛ̀ ǹsiı̄ba nyɔɔ.
Mbara likondo.	Mbara likɔ̀ndɔ̀.
Johop li hyéé i kiisin li nnumbha nye hida.	Johop li hyèe i kı̄isı̀n li nnumbha nyɛ hida.
Libômlak matôa ma mbômôl nye a bak ha bé le a nniñ.	Libômlak matoà ma mɓomōl nyɛ à ɓak ha ɓe lɛ à nniñ.
Di bikwéébaha.	Dı̀ bikwéébaha.
Hanano di gwéé bôt ba nson.	Hanânɔ dı̀ gwèe ɓòt ɓa ǹsɔn.
Mañge a nlamal nyo mbus je.	Màŋgɛ à nlamal nyɔ̀ mbūs jɛ.
Me ñwéblaha e; di ñwéblaha liseñg.	Mɛ̀ ñwéblaha ɛ; dı̀ ñwéblaha lisɛŋg.
Balét ba yé i noy.	Ɓàlêt ɓa yè i nɔ̀y.
A nlôl makanba.	À nlòl makanba.
Ba ñkit likula li kôp.	Ɓa ŋ̀kit likula li kop.
Nyoo i a me man yani ni me me tibil nye.	Nyɔ̀ɔ i à mɛ̀ man yani nı̀ mɛ̀ mɛ̀ tibil nyɛ.
Éña i mbugi keñ!.	Eŋa i mɓugı̂ keñ!.
Ba nhéhha tjandi hi ñgéda.	Ɓa nhéhha candi hi ŋgedà.
A nhyôô maok ma lién.	À ǹhyoo màɔ̀k ma lien.
Me ñgwés ntude minsôa.	Mɛ̀ ŋgwēs ntude mı̀nsòa.
"Ba kwélél ki inyuu lipémba joñ" Hyém 145:11b.	"Ɓa kwélél ki inyùu lı̀pemba joñ" Hyèm 145:11b.
Mut ba nsébél le Mpôdôl hanano nyen a ba séblana (i) ñgéda bisu le Ntehemam...(1samuel 9,11)	Mùt ɓa nsèbel lɛ M̀podôl hānânɔ nyɛn à ɓa sèblana (i) ŋgèdà bisū lɛ Ntehemam...(1samuel 9,11)
Loo di siñ!	Lɔ̀ɔ dı̀ siñ!
Jinda li binuga, jinda li bôt.	Jinda li binuga, jinda li ɓôt.
Lilep mut.	Lilep mût.
Mboy u mpan.	Mboy u m̂pàn.
Me ñôm hinuni i papay.	Mɛ̀ ŋ̀om hinùni i papay.
Man a nhômb ndi a gwal numpe.	Mǎn à nhômb ndi à gwâl nûmpɛ.
Bitôñ bi mbédba i tén ñgañ.	Bı̀tòŋ bi mbédba i ten ŋgaŋ.
Ñgut ibaa ñgééha.	Ñgut iɓaà ñgééha.
U mbéndha me mapep.	Ù m̂ɓêndhā mɛ̀ mapɛp.
Béñgne minsoñ i yé i dokta Libamba.	Ɓèŋgnɛ mı̀nsɔŋ i yè i dɔ̂ktà Liɓamba.
Hiñgôya hi gwéé ñguy.	Hiñgôya hi gwèe ŋgùy.
Mañ mut unu u ñeñ maén hi kôkôwa.	Maŋ mùt unu u ñeñ màen hi kôkôwa.
Limbee li mut.	Limbee li mût.
Ndi we, ñgéda u nsôga je, hoo ño woñ môô, u soo ki su woñ...(Mt 6,17).	Ndi wɛ̂, ŋgèdà u nsôga jɛ, hɔ̄ɔ ŋɔ wɔŋ mòo, u sɔ̀ɔ ki su woñ...(Mt 6,17).
Bee i nhuna.	Ɓɛɛ i nhuna.
